ISO-10303-21;
HEADER;
/* Generated by software containing ST-Developer
 * from STEP Tools, Inc. (www.steptools.com) 
 */
/* OPTION: using custom renumber hook */

FILE_DESCRIPTION(
/* description */ ('STEP AP242',
'CAx-IF Rec.Pracs.---Representation and Presentation of Product Manufa
cturing Information (PMI)---4.0---2014-10-13',
'CAx-IF Rec.Pracs.---3D Tessellated Geometry---0.4---2014-09-14','2;1',
'CAx-IF Rec.Pracs.---User Defined Attributes---1.5---2016-08-15'),
/* implementation_level */ '2;1');

FILE_NAME(
/* name */ 'doggo - Part 153',
/* time_stamp */ '2025-11-18T14:57:02Z',
/* author */ (''),
/* organization */ (''),
/* preprocessor_version */ 'ST-DEVELOPER v20',
/* originating_system */ 'ONSHAPE BY PTC INC, 1.206',
/* authorisation */ '  ');

FILE_SCHEMA (('AP242_MANAGED_MODEL_BASED_3D_ENGINEERING_MIM_LF { 1 0 10303 442 1 1 4 }'));
ENDSEC;

DATA;
#10=SHAPE_REPRESENTATION_RELATIONSHIP('','',#31,#11);
#11=TESSELLATED_SHAPE_REPRESENTATION('',(#29),#37);
#12=STYLED_ITEM('',(#14),#27);
#13=STYLED_ITEM('',(#15),#29);
#14=PRESENTATION_STYLE_ASSIGNMENT((#16));
#15=PRESENTATION_STYLE_ASSIGNMENT((#17));
#16=SURFACE_STYLE_USAGE(.BOTH.,#18);
#17=SURFACE_STYLE_USAGE(.BOTH.,#19);
#18=SURFACE_SIDE_STYLE('',(#20));
#19=SURFACE_SIDE_STYLE('',(#21));
#20=SURFACE_STYLE_FILL_AREA(#22);
#21=SURFACE_STYLE_FILL_AREA(#23);
#22=FILL_AREA_STYLE('',(#24));
#23=FILL_AREA_STYLE('',(#25));
#24=FILL_AREA_STYLE_COLOUR('',#26);
#25=FILL_AREA_STYLE_COLOUR('',#26);
#26=COLOUR_RGB('',0.615686274509804,0.811764705882353,0.929411764705882);
#27=COMPLEX_TRIANGULATED_FACE('ConvergentBody',#28,1979,((-0.999998436204607,
0.000939193725607252,-0.00149850041273624),(0.,-0.999655653945987,-0.0262406847022034),
(0.,0.026241506295634,-0.999655632379121),(-0.998426810603287,-0.056051218772657,
-0.0014713064425297),(0.,0.0262434928012342,-0.999655580230293),(-0.998426822864204,
-0.0560510005218557,-0.00147130071359587),(0.,-0.0262433406323843,0.999655584225053),
(-0.974927739715023,-0.222445067464508,-0.00583903201457533),(0.,-0.02623654133645,
0.99965576269969),(-0.997866904278206,0.0652698995735253,0.00121719180584348),
(4.78705239466509E-6,-0.0262471405212546,0.999655484450289),(1.1004081373546E-5,
-0.0262332652718542,0.999655848615956),(0.707108671137268,-0.706861401868917,
-0.018554938706342),(1.41223713955899E-6,-0.0262669167359362,0.999654965017027),
(0.4999983705457,0.865728139994325,0.0227248118498499),(1.80315297486878E-6,
-0.0262430856000328,0.999655590918661),(0.965925521706352,0.258731060659011,
0.00679152166858856),(0.,-0.0262425333011117,0.999655605418906),(0.999999999999978,
0.,0.),(-1.05698497708885E-6,-0.0262368024499963,0.999655755846023),(0.965925789010693,
-0.258730057008809,-0.00679173941550483),(-1.87637086237663E-6,-0.026225559063145,
0.999656050873652),(0.866026381150549,0.499826128791482,0.0131205231833462),
(8.64746229480098E-6,-0.0262612813991018,0.999655113038741),(0.86602513095037,
-0.499828300938037,-0.0131202951106087),(0.,-0.0262593196231477,0.999655164610528),
(0.707108032683153,0.706862034508463,0.018555168700858),(-3.14277585483749E-6,
0.0262377089216579,-0.999655732050122),(0.866025565008504,-0.499827547813343,
-0.0131203353082494),(-0.974927774323536,-0.222444916211368,-0.00583901569386913),
(0.,0.0262443026725697,-0.999655558968777),(-1.29541651435218E-6,0.0262511638554464,
-0.999655378815398),(0.866025174440278,0.499828228959783,0.0131201665619355),
(1.83507745590661E-6,0.0262339656352864,-0.999655830295447),(0.965925766405702,
0.258730145089383,0.00679159889752757),(0.,0.0262373519080299,-0.999655741425444),
(0.999999999999624,0.,0.),(-1.8195048307223E-6,0.0262450044697617,-0.999655540542377),
(0.965925358641538,-0.258731667454577,-0.00679159696903493),(-0.998426811240321,
-0.0560512074331336,-0.00147130614487998),(0.,0.0262433069224663,-0.999655585110074),
(-0.998426823186901,-0.0560509947776765,-0.00147130056282393),(0.,-0.0262433778140205,
0.999655583248816),(-0.999998351255242,0.000909034413240526,0.00157198703349128),
(0.,-0.0262403818213575,0.999655661896567),(0.,-0.999655650098846,-0.0262408312640346),
(-0.974927892048131,-0.222444400280697,-0.00583901450146075),(0.,-0.0262439158155122,
0.999655569124805),(2.65283036709265E-6,-0.0262372202331077,0.999655744877907),
(0.86602557589363,-0.499827534251474,-0.0131201334672248),(0.,-0.0262429894113156,
0.999655593445289),(0.866026653113185,0.499825656968167,0.0131205462506661),
(1.22144449827325E-6,-0.0262421420609734,0.999655615689003),(0.999999999999917,
0.,0.),(0.,-0.0262393248307622,0.999655689641395),(0.965925226707501,0.258732159665505,
0.00679160988910621),(1.7404712188437E-6,-0.0262448158837382,0.999655545493646),
(0.965925527845432,-0.258731036605713,-0.00679156487537762),(-0.997867152011592,
0.0652395246171578,0.00222516606163478),(-2.19837421455259E-6,0.0262431458047633,
-0.999655589337366),(-2.15484940628505E-6,0.0262392676045887,-0.99965569114117),
(0.707107869745025,-0.706862203457188,-0.0185549418835229),(-0.974927836987733,
-0.222444641270775,-0.00583902700249887),(0.,0.0262402887130736,-0.999655664340578),
(0.,0.0262432629836823,-0.999655586263557),(0.500000489027361,0.865726902456369,
0.0227253456673533),(-1.0871560928683E-6,0.0262447080092895,-0.999655548326685),
(0.965925452740482,0.258731312616966,0.00679173170821101),(0.,0.0262399887188783,
-0.999655672215141),(0.999999999999999,0.,0.),(0.,0.0262408617456458,-0.999655649298655),
(0.965925505939257,-0.258731119664774,-0.00679151625212077),(0.,0.0262343061766287,
-0.999655821360245),(0.866025527301417,0.499827614674481,0.013120277097711),
(-1.66091656260553E-6,0.0262444443762932,-0.999655555247217),(0.866026400177505,
-0.499826100822369,-0.0131203327815763),(0.,0.026244639196145,-0.99965555013387),
(0.707108616081633,0.706861446498836,0.0185553366094995),(-0.979396456186918,
0.201939683712955,0.00171631885701087),(-0.872151208493069,0.0182007049661553,
-0.488897743769404),(-0.999985758145316,-0.00155000698868669,-0.00510695455954582),
(-0.810621473031192,0.0103701494318802,-0.585478682328828),(-1.29866380778083E-6,
-0.999655663512208,-0.0262403202396725),(0.,-0.999655617572544,-0.0262420703356209),
(0.999999999998187,0.,1.9033599758126E-6),(-1.1048030364571E-6,-0.999655638333417,
-0.0262412794464621),(0.965924617956606,0.0067915355627525,-0.258734434256605),
(0.,-0.999655695908841,-0.0262390860442153),(0.866026392308184,0.013120769612119,
-0.499826102990287),(0.,-0.999655681837506,-0.0262396221348088),(0.707112136836044,
0.0185551057876164,-0.706857930554913),(-1.32764808544408E-6,-0.999655572493646,
-0.0262437874674803),(0.499996153739624,0.0227245976756857,-0.865729425921321),
(0.,-0.999655728868034,-0.0262378303405329),(0.258819895609877,0.0253459155833125,
-0.965593002356446),(-2.74509381407343E-6,-0.999655429898222,-0.0262492184162872),
(0.,0.0262400299516882,-0.999655671132883),(0.,-0.999655637968854,-0.0262412933572805),
(-0.258819905415406,0.0253459160550921,-0.965592999715765),(-1.56724762829737E-6,
-0.999655613005649,-0.0262422442608252),(-0.0654236161120963,0.026184354745804,
-0.997513974850159),(2.58725498004771E-6,0.0262485439519324,-0.99965544760868),
(0.707108289959268,-0.706861783712035,-0.0185549184401209),(-1.94971219261564E-6,
0.0262363148830936,-0.999655768641163),(0.500001447045457,-0.86572635539271,
-0.0227251079404342),(5.27478482867979E-6,0.0262566691817892,-0.999655234216105),
(0.258820920013387,-0.965592700169947,-0.0253469671151281),(0.,0.0262475438171145,
-0.999655473872651),(0.,-0.999655642232992,-0.0262411309158558),(-0.979564185177386,
0.200932774129181,0.00894580340246537),(-0.871770098695156,-0.00756110997947307,
0.489856840961638),(-0.999986034785433,-0.00164260393414777,0.00502315502669202),
(0.,-0.999655669151605,-0.0262401054158261),(-0.810566519561887,-0.0203701762016438,
0.585292211879539),(-1.31807223067161E-6,-0.999655666650854,-0.0262402006680567),
(0.999999999999261,0.,1.21487916999288E-6),(-1.54234218429898E-6,-0.999655686627219,
-0.0262394396183246),(0.965925749593665,-0.00679142780650758,0.258730212345339),
(1.56178002996375E-6,-0.999655604372183,-0.0262425731368981),(0.866026764673365,
-0.0131203283287933,0.499825469392995),(0.,-0.999655677587985,-0.0262397840304468),
(0.707108765232516,-0.0185553551781787,0.706861296808333),(-1.98125977228959E-6,
-0.999655778986544,-0.0262359206981592),(0.500002653879627,-0.0227255922542336,
0.865725645669588),(3.24878697532346E-6,-0.999655368095028,-0.0262515719193921),
(0.258819505510374,-0.0253471462590983,0.965593074614708),(-1.03221862850104E-5,
-0.999656572255147,-0.0262056757314491),(0.,-0.0262413006418308,0.999655637777642),
(0.,-0.999655710604961,-0.0262385261513877),(-0.258819515316334,-0.0253471456493432,
0.965593072002305),(-1.30605718381508E-6,-0.999655684888619,-0.0262395058673088),
(-0.0654730750015097,-0.0260864261670318,0.997513295560354),(0.,-0.0262410817975389,
0.999655643522303),(0.707108473409061,-0.70686159811396,-0.0185549978411665),
(0.,-0.0262427591350832,0.99965559949026),(0.500000663508986,-0.865726809449931,
-0.0227250498397132),(0.,-0.0262410125979722,0.999655645338846),(0.258818317734071,
-0.965593418568659,-0.0253461717463538),(0.,-0.0262408454806688,0.999655649725674),
(0.,-0.999655653052832,-0.0262407187297329),(-0.962025513440046,0.272829716281795,
0.00841768400513819),(-6.52881464036456E-6,-0.0262316279527999,0.999655891620872),
(-0.0686345490939907,0.997276152126805,0.0270106473416967),(1.09202623289951E-5,
-0.0262524903752289,0.999655343921017),(-0.965726659253736,0.259471825949528,
0.00681110453857078),(-4.78705239466504E-6,-0.0262471405212546,0.999655484450289),
(0.997867110641402,0.0652670514277633,0.00120062404876346),(2.98275891308624E-6,
-0.0262377195437192,0.999655731771818),(0.500001367137171,-0.865726403453328,
-0.0227250351974594),(4.08836090193795E-6,-0.0262350128952333,0.999655802804982),
(0.258818527231469,-0.965593350126092,-0.0253466398957189),(-8.67745801660458E-6,
-0.0262526137250702,0.999655340703637),(0.,-0.999655642232992,-0.0262411309158558),
(-2.03062216833855E-6,-0.0262465112136528,0.999655500982708),(-0.258818349936543,
-0.965593388584502,-0.0253469851860863),(2.03062216833853E-6,-0.0262465112136528,
0.999655500982708),(0.258818527231469,-0.965593350126092,-0.0253466398957189),
(-0.962194972440487,0.272296712190759,0.00594437047572985),(-1.35102318770223E-5,
0.0262559320618031,-0.999655253499445),(-0.965684014782961,0.259630382698034,
0.00681527495664895),(-4.95302030821037E-6,0.0262516153387394,-0.999655366947817),
(-0.0659168935093997,0.997505381835189,0.0252581939161111),(7.64671622772839E-6,
0.0262580039271994,-0.999655199141828),(0.0686360267041347,0.997319724059887,
0.0253468704060493),(-1.61052296170701E-6,0.026239238748506,-0.999655691899619),
(0.499998787816914,-0.865727900107532,-0.0227247696802478),(0.,0.0262409897037022,
-0.999655645939825),(0.258820899677194,-0.965592717358144,-0.0253465199821214),
(0.,0.0262410883236247,-0.999655643351045),(0.,-0.999655653052832,-0.0262407187297329),
(0.,0.0262410270162625,-0.999655644960369),(-0.258821142879579,-0.965592661831715,
-0.0253461518825227),(2.19837421487363E-6,0.026243145804763,-0.999655589337366),
(0.997866945643536,0.0652432381824768,0.00220876968150703),(-0.861574137522862,
0.0167619808089026,-0.507354946315791),(-0.835251351102199,0.54971200102687,
0.0131109270833758),(-0.538404030478733,0.0263833158287419,-0.842273720716809),
(-0.861205155690711,-0.00996014300024365,0.508159891533317),(-0.538373639966651,
-0.0178411114961546,0.842517369868206),(-0.835886942142248,0.54865856443317,
0.016334002271805),(-0.805925823947678,0.00981821819508409,-0.591935105299331),
(-0.433647045575878,0.0209271476990667,-0.900839771742175),(-3.56213441657372E-6,
-0.999655614926074,-0.0262421709102826),(-1.6445030783095E-6,-0.999655662358227,
-0.0262403641825012),(-0.0657592874629471,0.0267642359432074,-0.997476511897269),
(0.,-0.999655613838708,-0.0262422125605837),(0.,-0.0262400291448784,0.999655671154061),
(0.,-0.999655622134324,-0.0262418965572857),(0.965925743147655,-0.00679142662846717,
0.258730236441356),(-2.19151944782257E-6,-0.999655690226218,-0.0262393024591009),
(0.866028978006251,-0.0131205906231882,0.499821627538411),(-1.01670169521139E-6,
-0.999655649356209,-0.0262408595358876),(0.707103406782812,-0.0185554148824216,
0.70686665552612),(0.,-0.99965557289013,-0.0262437723884389),(0.499998306504487,
-0.0227245580136127,0.865728183644111),(0.,-0.999655640995059,-0.0262411780719141),
(0.258818989758768,-0.0253459227316551,0.965593244974887),(-0.805921091794242,
-0.0212504967704828,0.591641454081934),(3.38799345746379E-6,-0.999655628809808,
-0.0262416420482376),(-0.433656411615925,-0.0263597283315116,0.900692667554637),
(1.51594190794555E-6,-0.999655683668104,-0.0262395523543551),(-0.0657585799582111,
-0.0256012821823217,0.997507084442261),(6.10574453234159E-6,-0.999655892305506,
-0.0262316019640823),(0.,0.0262412998349457,-0.999655637798823),(0.,-0.999655628575429,
-0.0262416511942946),(0.965925980999927,0.00679148599798364,-0.258729346899938),
(0.,-0.999655611364087,-0.0262423068382354),(0.866026791267655,0.0131203578580194,
-0.499825422539038),(-1.67664724362791E-6,-0.999655586157012,-0.0262432669892561),
(0.70710380344022,0.0185549511804211,-0.706866270907777),(2.17321815168286E-6,
-0.999655748994729,-0.0262370634230141),(0.499997635229603,0.0227251774299101,
-0.865728555076927),(-3.19594432761715E-6,-0.999655441469696,-0.0262487776822741),
(0.258819394272965,0.0253471478206209,-0.965593104390009),(-4.13589741452955E-5,
-0.0261843960703199,0.999657129065695),(-0.86584647870675,0.500120493513298,
0.0137610784147398),(-2.22640938617067E-5,0.0262641149250815,-0.999655038386499),
(-0.866630163966258,0.498780246846162,0.0130546642966558),(-0.900969185228179,
-0.43373367947229,-0.0113851904112395),(0.,-0.0262353048018329,0.999655795152095),
(-4.15173189992066E-6,-0.0262016630980232,0.999656677481655),(0.258820670247428,
0.965592768068491,0.0253469309089067),(-0.900969248374271,-0.433733548195066,
-0.0113851945095018),(0.,0.0262393034692984,-0.999655690202042),(1.06058805095091E-6,
0.0262431724334636,-0.999655588640159),(0.707108293318741,0.706861770568178,
0.0185552911342788),(-0.900969156439426,-0.433733738278672,-0.0113852283084969),
(0.,-0.0262393141156256,0.999655689922585),(-1.66047629567236E-6,-0.0262391187602685,
0.999655695049014),(0.707107597494866,0.706862468414155,0.018555223320851),
(-0.900969252496374,-0.433733538981601,-0.0113852193049607),(0.,0.0262376815589475,
-0.999655732773243),(0.,0.0262392683538015,-0.99965569112382),(0.258821121790117,
0.965592667480722,0.0253461520308056),(-0.707310407450059,0.706622195145218,
0.0199263855474498),(-3.91172311155733E-5,-0.0261896391636527,0.99965699180785),
(-0.711010964102407,0.702980893747106,0.0167711643211032),(1.92794085707816E-5,
0.0261971328624538,-0.999656796034565),(-0.706688853541485,0.707280825791948,
0.0185660374685076),(-0.231420948773301,0.0280864223346869,-0.972448197771636),
(-0.648984856897689,0.760553494421585,0.0194174571095656),(-0.231399465803894,
-0.0229689575491105,0.972587638320979),(-0.648842301625725,0.76063673856962,
0.020866709352533),(-0.281149837576911,0.024204950911945,-0.959358582169267),
(-6.72982210724073E-6,-0.999655362413447,-0.0262517876105404),(-0.281157228548143,
-0.0261578381546526,0.9593051549628),(6.72973922993684E-6,-0.999655362430056,
-0.0262517869781001),(-0.781831689405702,-0.623274853306567,-0.016360521895825),
(1.58757720200902E-6,-0.0262477378350019,0.999655468777131),(1.19969561031612E-5,
-0.0262583343503765,0.999655190419785),(0.,0.999655640593942,0.026241193351077),
(-0.781831577872304,-0.623274992595074,-0.0163605454467023),(1.08816751964499E-6,
0.0262362587852453,-0.999655770114778),(-0.781831487325145,-0.623275105837611,
-0.0163605583665744),(0.,-0.0262397080103252,0.999655679583478),(-0.781831430383057,
-0.623275177130273,-0.0163605635113753),(0.,0.0262419300819696,-0.999655621254375),
(0.,0.026240814407404,-0.999655650541339),(0.,0.999655664501619,0.0262402825790213),
(-4.92946450036456E-5,0.0263628259290427,-0.999652439090243),(-0.497998690368321,
0.866902953200497,0.021830577722411),(-0.501372665890547,0.864888760671689,
0.0243491593611718),(-2.12434114135743E-5,-0.0262292996828699,0.999655952509094),
(-0.0359232141736659,0.0265003826645164,-0.999003129325463),(-0.409440592721349,
0.912055271942448,0.0226623466123503),(-0.0356871706804797,-0.0259509636164558,
0.999026012342121),(-0.413372504349301,0.910216909344914,0.0250669222398799),
(-0.623489921611427,-0.781562174668147,-0.020515476523198),(-1.04319311330346E-6,
-0.0262403470581119,0.99965566280854),(-0.623489641092133,-0.781562398297777,
-0.0205154823933176),(0.,0.0262404176686224,-0.999655660955227),(-0.623489900616829,
-0.781562190887153,-0.0205154966912554),(1.02676627194524E-6,-0.0262435825537292,
0.999655577873545),(-0.623489807326242,-0.781562264911509,-0.0205155118551217),
(0.,0.0262375741417016,-0.999655735592587),(0.00199105393906057,0.0259623053125142,
-0.9996609397226),(-0.131583396159682,0.990995173572962,0.0247866054589717),
(-0.0653932857374944,0.026183487837209,-0.997515986410811),(7.72043408538807E-6,
-0.999655814040531,-0.0262345839562504),(0.,-0.999655622182704,-0.0262418947197403),
(-0.258818979953228,-0.0253459233414186,0.965593247587172),(0.00205420832295618,
-0.026517866779253,0.999646228907829),(-0.135796901750237,0.990366595577282,
0.0270778108365504),(-0.0654081223655862,-0.0261845536411722,0.997514985691554),
(-7.34568306966626E-6,-0.999655833445539,-0.0262338446352515),(1.10945029617723E-6,
-0.999655739681415,-0.0262374183328478),(-0.258819384466873,0.0253471473487575,
-0.965593107030839),(-1.10945029617727E-6,-0.999655739681415,-0.0262374183328478),
(0.258819394272965,0.0253471478206209,-0.965593104390009),(-0.263715397327148,
0.964222579320643,0.0270001248299175),(-7.46055965120094E-5,-0.0260321219683619,
0.999661104104701),(-0.259781556243965,0.965380177628106,0.0235511290215384),
(-5.25699109356892E-5,0.0263749658066281,-0.999652118696851),(-0.43388641100943,
-0.900657346061137,-0.0236416439247499),(-7.33200970916553E-6,-0.0262643400205757,
0.999655032693541),(1.30992619088716E-6,-0.0262393831707368,0.999655688109213),
(-0.0560687662291059,-0.998083074572889,-0.0262005668769603),(-0.433883125223804,
-0.900658911161888,-0.0236423220244269),(8.46367607777998E-6,0.0262698022435441,
-0.999654889158479),(0.,0.0262440067688752,-0.999655566737219),(-0.0560685342293498,
-0.998083086548951,-0.0262006071359272),(-0.433886419616287,-0.900657340921267,
-0.0236416817758782),(-2.4668755879003E-6,-0.0262430318402157,0.999655592328552),
(0.,-0.0262387199941117,0.999655705516927),(-0.056068512237596,-0.998083087783514,
-0.0262006071683186),(-0.433883327568247,-0.900658812292249,-0.0236423750630182),
(-4.17409406418154E-6,0.0262336978025147,-0.999655837317116),(0.,0.0262423858453177,
-0.999655609289726),(-0.0560685046386771,-0.998083088156575,-0.0262006092184354),
(-0.000930318655441196,0.999651471466352,0.0263831404945717),(0.999999999999636,
0.,0.),(-0.000974552932356339,0.999650637654205,0.026413119545475),(0.965926524614332,
0.00679158652665994,-0.258727314752289),(-0.0006211973686202,0.999647290292826,
0.0265501247462317),(0.866025826889219,0.013120258942652,-0.499827096070353),
(-0.000427591971409769,0.999644795170615,0.0266477138495213),(0.70710501197607,
0.0185550271645693,-0.706865059969188),(-0.000281957955452761,0.999642196981489,
0.0267469346605077),(0.500003036596513,0.0227255868018617,-0.865725424773223),
(-0.00013786253287959,0.99963876388701,0.0268760623673319),(0.258819508166435,
0.025347146478991,-0.965593073897),(7.08392529119811E-5,0.999632463120133,
0.0271096598683263),(0.,0.0262412998349457,-0.999655637798823),(1.91625438528436E-5,
0.999636849472106,0.0269475195570789),(-0.258819498360378,0.0253471470887398,
-0.965593076509429),(-8.75614025400242E-5,0.999650675596179,0.0264295121616736),
(0.258819508166435,0.025347146478991,-0.965593073897),(-2.57571358786655E-5,
0.999654672621218,0.0262780296661534),(-0.0653964174924959,-0.02618513546465,
0.997515737850709),(-0.00115764144760524,0.999659621313362,0.0260634107880126),
(0.999999999997754,0.,2.11858724093157E-6),(-0.00121265014882487,0.999660540861583,
0.0260256128447229),(0.965925715218944,-0.006791431381616,0.258730340583705),
(-0.000772447664231739,0.999665349386808,0.0258571568420893),(0.86602410429436,
-0.0131200727281038,0.499830085601858),(-0.00052844604637518,0.99966863989057,
0.0257357953853041),(0.707105722548233,-0.0185555792603581,0.706864334662497),
(-0.000347751702307396,0.999671848964176,0.0256139309224174),(0.500009202650039,
-0.022725353155674,0.865721869649382),(-0.000173222467965753,0.999675848352531,
0.0254591479555621),(0.258818823030497,-0.0253459244447504,0.965593289619988),
(9.06968085195086E-5,0.999683304174907,0.025165117286208),(0.,-0.0262400291448784,
0.999655671154061),(2.4750793076482E-5,0.999678194001369,0.0253674560324602),
(-0.25881881322491,-0.0253459239728356,0.965593292260677),(-0.000108968158922624,
0.999661785272054,0.0260058299738656),(0.258818823030497,-0.0253459244447504,
0.965593289619988),(-3.42260823004238E-5,0.999656916565559,0.0261925178479215),
(-0.0653967801067172,0.0261838668706352,-0.997515747378143),(5.25590418243359E-6,
0.999655630311086,0.0262415845505144),(0.965926217456091,0.00679184566241816,
-0.258728454684573),(-1.28466237493506E-6,0.999655656742618,0.0262405781345334),
(0.866024521738582,0.0131205837760524,-0.49982934890704),(6.13546227168496E-6,
0.999655620921749,0.0262419420376743),(0.707105532327412,0.0185545414984721,
-0.706864552189278),(-2.15064509831289E-6,0.999655680546121,0.0262396712488133),
(0.499996036784668,0.0227245920529976,-0.865729493615442),(1.3069152122231E-6,
0.99965563967509,0.0262412283264148),(0.258820076595144,0.0253459148515116,
-0.965592953863906),(-2.14072774745418E-6,0.999655692793319,0.0262392046626006),
(0.,0.0262400299516882,-0.999655671132883),(2.75321926096615E-6,0.999655613978389,
0.0262422071082197),(-0.258820086400649,0.0253459142418692,-0.965592951251615),
(1.21412598608251E-6,0.999655646982105,0.0262409499697473),(-0.499996032543954,
0.0227245995117438,-0.865729495868852),(-1.81782801037203E-6,0.999655755206571,
0.0262368267722226),(0.499996036784668,0.0227245920529976,-0.865729493615442),
(3.14549779404814E-6,0.999655489359959,0.0262469537776628),(0.258820076595144,
0.0253459148515116,-0.965592953863906),(-6.59746935105803E-6,0.999656025804874,
0.0262265138453053),(0.,0.0262400299516882,-0.999655671132883),(0.,0.999655735569904,
0.0262375749933736),(-0.258820086400649,0.0253459142418692,-0.965592951251615),
(0.0659183558179302,0.997456702169557,0.0271089959845744),(3.90949977044034E-6,
-0.0262379584201484,0.999655725498863),(-6.4640548697455E-6,0.999655624802472,
0.0262417941268297),(0.965925980474322,-0.00679148277779278,0.258729348946728),
(4.00936048101893E-6,0.999655671631403,0.0262400106534772),(0.866024260871842,
-0.0131200678247874,0.499829814438528),(1.06132902142637E-6,0.999655655364369,
0.0262406306499682),(0.70710549659582,-0.0185550697096277,0.706864574067798),
(0.,0.999655639197727,0.0262412465297897),(0.500002894116909,-0.0227255960092988,
0.86572550682115),(0.,0.999655645849318,0.0262409931436714),(0.258819377314731,
-0.025347146619673,0.965593108967051),(0.,0.999655643549085,0.026241080774548),
(0.,-0.0262413006418308,0.999655637777642),(2.87620724170295E-6,0.999655693984915,
0.0262391591950813),(-0.258819387120727,-0.0253471470915458,0.965593106326247),
(0.,0.999655667083714,0.0262401841965837),(-0.500002889876039,-0.0227255886787721,
0.865725509462909),(-1.29151108731885E-6,0.999655590184127,0.0262431136101752),
(0.500002894116909,-0.0227255960092988,0.86572550682115),(0.,0.999655673639744,
0.0262399344455893),(0.258819377314731,-0.025347146619673,0.965593108967051),
(-1.5349022730324E-6,0.999655566039884,0.0262440332861337),(0.,-0.0262413006418308,
0.999655637777642),(0.,0.999655616141641,0.0262421248461395),(-0.258819387120727,
-0.0253471470915458,0.965593106326247),(0.,0.99965561614164,0.026242124846152),
(0.258819377314731,-0.025347146619673,0.965593108967051),(-0.222520385381466,
-0.974592312848477,-0.0255832333050411),(2.01348146999947E-5,-0.0261440414152711,
0.999658185928103),(-0.222517211402907,-0.974593019346395,-0.0255839260230313),
(1.38214352949195E-5,0.0262932684435347,-0.999654272157892),(-0.222520366440903,
-0.974592315476398,-0.0255832979374955),(3.21299611916837E-6,-0.0262181552787228,
0.999656245078005),(-0.222516997560555,-0.974593066954969,-0.0255839723253531),
(1.18352177589764E-6,0.0262571633866895,-0.999655221248548),(0.,-0.999655632066922,
-0.0262415181744563),(-0.0653937421091749,0.0261849377443808,-0.997515918433526),
(1.6273376670769E-6,-0.0262454216565045,0.99965552958978),(-0.258821107325906,
0.965592670159565,0.0253461976776456),(-1.30992619088718E-6,-0.0262393831707368,
0.999655688109213),(0.0560687880274,-0.998083072367589,-0.0262006042375317),
(1.45364335900159E-6,-0.99965564559428,-0.0262410028270632),(0.491726988302354,
0.0228498390012485,-0.870449569953776),(0.,-0.99965567804887,-0.0262397664745644),
(0.186354268323334,0.0265624580137116,-0.982123476199375),(0.,-0.999655669536621,
-0.0262400907627644),(-0.0651645144366962,0.026186482591885,-0.997530878814132),
(6.53096071769019E-6,0.0262327275487457,-0.999655862766132),(0.500001136643958,
0.865726529894736,0.0227252896828452),(-4.60274356062186E-6,0.0262498109773272,
-0.999655414331593),(0.258815549229805,0.96559415892969,0.025346236756952),
(0.,0.0262474573028005,-0.999655476144058),(0.,0.999655640593942,0.026241193351077),
(0.,-0.999655627877928,-0.0262416777655603),(-0.0943957074774795,-0.0252120522456176,
0.995215455482576),(-1.35264242309158E-6,-0.0262390870966295,0.99965569588059),
(0.499996786086534,0.865729055402339,0.0227248000059522),(0.,-0.026240761614452,
0.999655651927149),(0.258821142879643,0.965592661831698,0.0253461518825318),
(0.,-0.0262407576078287,0.999655652032322),(0.,0.999655664501619,0.0262402825790213),
(0.,0.0262408164579185,-0.999655650487518),(-0.258821121790121,0.965592667480721,
0.0253461520308148),(0.,0.0262408164579185,-0.999655650487518),(0.258821121790117,
0.965592667480722,0.0253461520308056),(0.,-0.999655766831326,-0.0262363839077483),
(0.49999696690122,-0.0227250582501306,0.865728944195069),(3.30949765715473E-6,
-0.999654896240291,-0.0262695339102173),(0.25882249548686,-0.0253464264664552,
0.965592292064997),(0.,-0.999655548857076,-0.0262446878274183),(0.0651646087411861,
-0.0261851115447879,0.997530908644436),(0.0560685104146973,-0.998083087817999,
-0.0262006097556036),(0.,0.0262423858453177,-0.999655609289726),(-0.499996149498915,
0.0227245903454321,-0.865729428562926),(0.,-0.999655452481322,-0.0262483585079663),
(0.,-0.999655452481322,-0.0262483585079663),(0.499996153739624,0.0227245976756857,
-0.865729425921321),(0.,-0.999655638166703,-0.0262412858200923),(0.258819895609877,
0.0253459155833125,-0.965593002356446),(-0.5000097618055,-0.0227243844675721,
0.865721572129156),(0.,0.999655963277186,0.0262288978868798),(-0.499998865674528,
-0.0227255097758643,0.865727835713749),(0.,-0.999655493782871,-0.0262467855122246),
(0.,-0.999655622182704,-0.0262418947197403),(0.258818989758768,-0.0253459227316551,
0.965593244974887),(-0.499997362008045,0.022725672774266,-0.865728699871936),
(0.,-0.999655935400723,-0.0262299603145908),(0.,-0.999655935400723,-0.0262299603145908),
(0.499997635229603,0.0227251774299101,-0.865728555076927),(-0.500002649638742,
-0.0227255997132747,0.865725647923122),(0.,-0.999655939030753,-0.0262298219693405),
(0.,-0.999655709860945,-0.0262385544949525),(0.258819505510374,-0.0253471462590983,
0.965593074614708),(0.,0.999655963277186,0.0262288978868798),(0.500009202650039,
-0.022725353155674,0.865721869649382),(-0.500002763379302,0.0227250997411715,
-0.865725595356182),(0.,0.99965547676771,0.0262474335568905),(-0.707112482214785,
0.0185543591320159,-0.70685760465121),(0.,-0.999655689717566,-0.0262393219290636),
(0.,-0.999655689717566,-0.0262393219290636),(0.707112136836044,0.0185551057876164,
-0.706857930554913),(-0.707104921787586,-0.0185553751491896,0.706865141053684),
(0.,0.999655681913508,0.0262396192434054),(-0.707102606019978,-0.0185556610639649,
0.706867450093888),(0.,-0.999655662110212,-0.0262403736824364),(0.,-0.999655493782871,
-0.0262467855122246),(0.499998306504487,-0.0227245580136127,0.865728183644111),
(-0.707104206101858,0.0185550483170972,-0.706865865560795),(0.,-0.999655597678071,
-0.0262428281802462),(0.,-0.999655597678071,-0.0262428281802462),(0.70710380344022,
0.0185549511804211,-0.706866270907777),(-0.707105322759455,-0.0185554455132437,
0.706864738098494),(0.,0.999655681913508,0.0262396192434054),(-0.707108591399913,
-0.0185549885029346,0.706861480327007),(0.,-0.999655685815602,-0.0262394705841864),
(0.,-0.999655939030753,-0.0262298219693405),(0.500002653879627,-0.0227255922542336,
0.865725645669588),(-0.707105877720943,0.0185552700472551,-0.706864187553711),
(0.,0.999655607579037,0.0262424510247551),(0.,0.999655681913508,0.0262396192434054),
(0.707105722548233,-0.0185555792603581,0.706864334662497),(-0.707105414638225,
0.0185549089079986,-0.706864660274313),(0.,0.999655681913508,0.0262396192434054),
(0.,0.99965547676771,0.0262474335568905),(0.500003036596513,0.0227255868018617,
-0.865725424773223),(0.,0.999655681913508,0.0262396192434054),(0.70710549659582,
-0.0185550697096277,0.706864574067798),(-0.866025993544802,0.0131205168984905,
-0.499826800543004),(0.,-0.999655707832642,-0.0262386317787207),(0.,-0.999655707832642,
-0.0262386317787207),(0.866026392308184,0.013120769612119,-0.499826102990287),
(-0.866024351150415,-0.0131208009308128,0.49982963877449),(0.,0.99965561542859,
0.0262421520094485),(-0.866029224852191,-0.0131198400022596,0.499821219537774),
(0.,-0.999655716448363,-0.0262383035295595),(0.,-0.999655662110212,-0.0262403736824364),
(0.707103406782812,-0.0185554148824216,0.70686665552612),(-0.866026589465862,
0.0131202242877593,-0.49982577569866),(0.,-0.999655526441802,-0.0262455416092811),
(0.,-0.999655526441802,-0.0262455416092811),(0.866026791267655,0.0131203578580194,
-0.499825422539038),(-0.866024382778442,-0.0131204365890605,0.499829593538569),
(0.,0.99965569749634,0.0262390255746112),(-0.866026886577378,-0.0131199484887951,
0.499825268145524),(0.,-0.999655624905764,-0.0262417909881513),(0.,-0.999655685815602,
-0.0262394705841864),(0.707108765232516,-0.0185553551781787,0.706861296808333),
(-0.866024122972869,0.0131208727747288,-0.499830032237662),(0.,0.999655516958948,
0.0262459027952737),(0.,0.999655607579037,0.0262424510247551),(0.707105532327412,
0.0185545414984721,-0.706864552189278),(0.,0.99965561542859,0.0262421520094485),
(0.86602410429436,-0.0131200727281038,0.499830085601858),(-0.866025625087442,
0.0131204108659391,-0.499827441734259),(0.,0.999655701804101,0.0262388614568072),
(0.,0.999655681913508,0.0262396192434054),(0.70710501197607,0.0185550271645693,
-0.706865059969188),(0.,0.99965569749634,0.0262390255746112),(0.866024260871842,
-0.0131200678247874,0.499829814438528),(-0.965924697955521,0.00679199447921668,
-0.258734123552597),(0.,-0.999655659399457,-0.0262404769514097),(0.,-0.999655659399457,
-0.0262404769514097),(0.965924617956606,0.0067915355627525,-0.258734434256605),
(-0.965925714514918,-0.0067914294324398,0.258730343263231),(0.,0.999655620634251,
0.0262419537068105),(-0.965925742443632,-0.00679142871552843,0.258730239014925),
(0.,-0.999655663944897,-0.0262403037880122),(0.,-0.999655716448363,-0.0262383035295595),
(0.866028978006251,-0.0131205906231882,0.499821627538411),(-0.96592603464009,
0.00679163451344036,-0.25872914274412),(0.,-0.999655668852388,-0.026240116830613),
(0.,-0.999655668852388,-0.026240116830613),(0.965925980999927,0.00679148599798364,
-0.258729346899938),(-0.965925994821027,-0.00679140379160176,0.258729297458847),
(0.,0.999655668852389,0.0262401168305967),(-0.965925763940636,-0.00679150398409755,
0.258730156783729),(0.,-0.999655620634252,-0.0262419537067974),(0.,-0.999655624905764,
-0.0262417909881513),(0.866026764673365,-0.0131203283287933,0.499825469392995),
(-0.965926297451091,0.00679137109231879,-0.258728168491783),(0.,0.999655673759685,
0.0262399298792966),(0.,0.999655516958948,0.0262459027952737),(0.866024521738582,
0.0131205837760524,-0.49982934890704),(0.,0.999655620634251,0.0262419537068105),
(0.965925715218944,-0.006791431381616,0.258730340583705),(-0.96592657825397,
0.00679142751027317,-0.258727118669363),(0.,0.999655671124575,0.0262400302682052),
(0.,0.999655701804101,0.0262388614568072),(0.866025826889219,0.013120258942652,
-0.499827096070353),(0.,0.999655668852389,0.0262401168305967),(0.965925980474322,
-0.00679148277779278,0.258729348946728),(-0.999999999998189,0.,1.90269581181202E-6),
(0.,-0.999655584285148,-0.0262433383455441),(0.,-0.999655584285148,-0.0262433383455441),
(0.999999999998187,0.,1.9033599758126E-6),(-0.999999999997756,0.,2.11786823037614E-6),
(0.,0.99965569475258,0.0262391301063348),(0.,-0.999655663944897,-0.0262403037880122),
(0.965925743147655,-0.00679142662846717,0.258730236441356),(-0.99999999999926,
0.,1.21136548345724E-6),(0.,-0.999655688953099,-0.0262393510534185),(0.,
-0.999655688953099,-0.0262393510534185),(0.999999999999261,0.,1.21487916999288E-6),
(-0.999999999999636,0.,0.),(0.,0.999655578484808,0.0262435592899441),(0.,
-0.999655620634252,-0.0262419537067974),(0.965925749593665,-0.00679142780650758,
0.258730212345339),(0.,0.999655673759685,0.0262399298792966),(0.965926217456091,
0.00679184566241816,-0.258728454684573),(0.,0.99965569475258,0.0262391301063348),
(0.999999999997754,0.,2.11858724093157E-6),(0.,0.999655671124575,0.0262400302682052),
(0.965926524614332,0.00679158652665994,-0.258727314752289),(0.,0.999655578484808,
0.0262435592899441),(0.999999999999636,0.,0.),(-0.258815986309791,0.965594022689872,
0.0253469638434501),(5.30117074282864E-6,0.0262552877967388,-0.999655270498089),
(-0.25882114287965,0.965592661831696,0.0253461518825225),(0.,-0.0262407604873753,
0.999655651956735),(-0.258820742719016,-0.965592756690953,-0.0253466243184789),
(-5.19416970725277E-6,0.0262550106596494,-0.999655277777436),(-0.258818560936911,
-0.965593343807697,-0.0253465364264493),(0.,-0.0262409912416361,0.999655645899451),
(-0.500001488625566,0.865726340390289,0.0227247646116496),(-5.55617876197787E-6,
0.0262295895056937,-0.999655945114864),(-0.499998722535305,0.865727923200672,
0.0227253262619865),(0.,-0.0262711402356314,0.999654854032491),(-1.62733766707689E-6,
-0.0262454216565045,0.99965552958978),(0.258820670247428,0.965592768068491,
0.0253469309089067),(-0.50000084715053,0.865726711560693,0.0227247384817001),
(0.,0.0262426964686195,-0.999655601135739),(-0.49999714421354,0.865728832914375,
0.022725396344583),(0.,-0.0262390208358228,0.999655697620353),(0.,0.0262426964686195,
-0.999655601135739),(0.500000489027361,0.865726902456369,0.0227253456673533),
(-0.500001686839605,-0.865726216994596,-0.0227251043072515),(0.,-0.0262562817741258,
0.999655244405489),(0.,-0.0262562817741258,0.999655244405489),(0.500001367137171,
-0.865726403453328,-0.0227250351974594),(-0.500001766746605,-0.865726172817205,
-0.0227250291429725),(1.79854811285899E-6,0.0262371284969761,-0.999655747287534),
(-0.500000847150555,-0.865726711560678,-0.0227247384816997),(0.,-0.0262427522013053,
0.999655599672185),(-0.499998971459604,-0.865727786018209,-0.0227250754750931),
(0.,0.0262390545250578,-0.999655696736447),(0.,0.0262410270162625,-0.999655644960369),
(0.258820899677194,-0.965592717358144,-0.0253465199821214),(-0.70710781619865,
0.706862250919082,0.0185551743830497),(1.51929674646012E-6,0.0262425292510176,
-0.999655605524323),(-0.707107555565539,0.706862508069672,0.0185553104954288),
(0.,-0.0262590371661009,0.99965517203039),(0.,-0.0262711402356314,0.999654854032491),
(0.4999983705457,0.865728139994325,0.0227248118498499),(-0.707108099297286,
0.706861966782858,0.0185552101591153),(0.,0.0262447493515779,-0.999655547241885),
(-0.707107080711379,0.706862981344837,0.0185553769059233),(0.,-0.0262382634468929,
0.999655717499948),(0.,0.0262447493515779,-0.999655547241885),(0.707108616081633,
0.706861446498836,0.0185553366094995),(-0.707108460756285,-0.706861612973027,
-0.0185549139595913),(0.,-0.0262106081475569,0.99965644299456),(0.,-0.0262106081475569,
0.99965644299456),(0.707108671137268,-0.706861401868917,-0.018554938706342),
(-0.70710807957665,-0.706861993228466,-0.0185549542306815),(-2.51394433060612E-6,
0.0262478076081036,-0.999655466943211),(-0.707108208407731,-0.706861864909847,
-0.0185549329985904),(0.,-0.0262408343003171,0.999655650019025),(-0.70710760474427,
-0.706862466482667,-0.0185550206376075),(0.,0.0262348224151605,-0.999655807812291),
(0.,0.0262390545250578,-0.999655696736447),(0.499998787816914,-0.865727900107532,
-0.0227247696802478),(-0.866025326025872,0.499827955695495,0.0131205711401887),
(3.85538815037757E-6,0.0262474755397931,-0.999655475657951),(-0.866026532734225,
0.499825877130867,0.0131201048279491),(0.,-0.0262247485432978,0.999656072138734),
(0.,-0.0262590371661009,0.99965517203039),(0.707108032683153,0.706862034508463,
0.018555168700858),(-0.866025734547514,0.499827247428442,0.0131205880030394),
(0.,0.0262337551750928,-0.999655835820215),(-0.866026860358718,0.499825306538113,
0.0131202165112765),(-1.46658931058274E-6,-0.0262423921766757,0.999655609122809),
(0.,0.0262337551750928,-0.999655835820215),(0.866025527301417,0.499827614674481,
0.013120277097711),(-0.866025248725953,-0.499828095442127,-0.0131203496846696),
(0.,-0.0262530111078059,0.999655330305287),(0.,-0.0262530111078059,0.999655330305287),
(0.86602513095037,-0.499828300938037,-0.0131202951106087),(-0.866025682783767,
-0.499827345463629,-0.0131202700312041),(2.46625408615123E-6,0.0262383401068479,
-0.999655715485264),(-0.866025657249629,-0.499827387171798,-0.0131203665482863),
(-1.68160548248143E-6,-0.0262378847579655,0.999655727438502),(-0.866026481533478,
-0.499825966172848,-0.0131200923062253),(0.,0.0262432567682874,-0.999655586426742),
(0.,0.0262348224151605,-0.999655807812291),(0.707107869745025,-0.706862203457188,
-0.0185549418835229),(-0.965925779121926,0.258730100304421,0.00679149645989471),
(-8.36564836734E-6,0.0262317766874714,-0.999655887704281),(-0.965925534422894,
0.258731010560517,0.00679162161635003),(0.,-0.0262402074165033,0.999655666474581),
(0.,-0.0262247485432978,0.999656072138734),(0.866026381150549,0.499826128791482,
0.0131205231833462),(-0.965925428037453,0.258731408556414,0.00679159017290326),
(0.,0.0262447617461225,-0.999655546916481),(-0.965925202004401,0.258732248047313,
0.00679175626337836),(1.86788204912574E-6,-0.0262383244954639,0.999655715896319),
(0.,0.0262447617461225,-0.999655546916481),(0.965925452740482,0.258731312616966,
0.00679173170821101),(-0.965925771536157,-0.258730127047706,-0.00679155653419433),
(0.,-0.0262347261454632,0.999655810338775),(0.,-0.0262347261454632,0.999655810338775),
(0.965925789010693,-0.258730057008809,-0.00679173941550483),(-0.965925341166739,
-0.258731727802902,-0.00679178327413279),(-2.55114487001684E-6,0.0262451831846637,
-0.999655535848772),(-0.965925536875095,-0.258731004250955,-0.00679151322258638),
(3.42083315585457E-6,-0.0262448284171681,0.999655545160257),(-0.965925514968997,
-0.258731084644441,-0.00679156613675233),(0.,0.0262397766414376,-0.999655677782009),
(0.,0.0262432567682874,-0.999655586426742),(0.866026400177505,-0.499826100822369,
-0.0131203327815763),(-0.999999999999647,0.,0.),(-4.38559191314975E-6,0.0262382136620133,
-0.999655718797523),(-0.999999999999974,0.,0.),(0.,-0.0262469922740367,
0.999655488354146),(0.,-0.0262402074165033,0.999655666474581),(0.965925521706352,
0.258731060659011,0.00679152166858856),(0.,-0.0262469922740367,0.999655488354146),
(0.999999999999978,0.,0.),(-1.,0.,0.),(0.,0.0262411006478516,-0.999655643027532),
(-0.999999999999928,0.,0.),(2.14636523113959E-6,-0.0262408444789914,0.999655649749664),
(0.,0.0262411006478516,-0.999655643027532),(0.999999999999999,0.,0.),(0.,
0.0262397766414376,-0.999655677782009),(0.965925505939257,-0.258731119664774,
-0.00679151625212077),(0.,0.0262400299516882,-0.999655671132883),(2.25762063275507E-6,
-0.999655512054488,-0.026246089498858),(0.,-0.0262400291448784,0.999655671154061),
(-5.92892984184535E-6,0.999655909683811,0.0262309397292762),(0.,-0.0262400291448784,
0.999655671154061),(0.,-0.999655614133629,-0.0262422013248391),(0.,0.0262412998349457,
-0.999655637798823),(-5.58014563443432E-6,-0.999655896378147,-0.0262314468770932),
(0.,-0.0262413006418308,0.999655637777642),(8.4894288117805E-6,-0.999656263793038,
-0.0262174405172171),(0.,0.0262412998349457,-0.999655637798823),(-1.21177743051095E-6,
0.999655600810193,0.0262427088415567),(-0.258819905415406,0.0253459160550921,
-0.965592999715765),(0.,-0.999655714001527,-0.0262383967469015),(-0.25881881322491,
-0.0253459239728356,0.965593292260677),(3.10979796102904E-6,0.999655548652125,
0.0262446954516056),(-0.258818979953228,-0.0253459233414186,0.965593247587172),
(0.,-0.999655651798329,-0.0262407665219195),(-0.258819384466873,0.0253471473487575,
-0.965593107030839),(2.95786212587866E-6,-0.999655555557007,-0.0262444324622059),
(-0.258819515316334,-0.0253471456493432,0.965593072002305),(-3.2136309668333E-6,
-0.999655424875205,-0.0262494096551934),(-0.258819498360378,0.0253471470887398,
-0.965593076509429),(0.,0.999655658698047,0.0262405036718076),(-0.499996149498915,
0.0227245903454321,-0.865729428562926),(1.54993626790037E-6,-0.999655588075354,
-0.0262431939236704),(-0.5000097618055,-0.0227243844675721,0.865721572129156),
(-2.34939899645277E-6,0.999655738404112,0.0262374669168107),(-0.499998865674528,
-0.0227255097758643,0.865727835713749),(-1.1420106331685E-6,-0.999655608949557,
-0.0262423987925261),(-0.499997362008045,0.022725672774266,-0.865728699871936),
(-2.02883609640617E-6,-0.99965572959792,-0.0262378024600567),(-0.500002889876039,
-0.0227255886787721,0.865725509462909),(0.,0.99965547676771,0.0262474335568905),
(-0.500002649638742,-0.0227255997132747,0.865725647923122),(2.0041171839161E-6,
-0.999655758106846,-0.026236716254336),(-0.499996032543954,0.0227245995117438,
-0.865729495868852),(0.,0.999655914781306,0.0262307461340764),(0.,0.999655735569904,
0.0262375749933736),(0.258820076595144,0.0253459148515116,-0.965592953863906),
(-0.500002763379302,0.0227250997411715,-0.865725595356182),(-1.08010237432589E-6,
0.999655610650751,0.0262423339912258),(0.,0.99965547676771,0.0262474335568905),
(0.500002894116909,-0.0227255960092988,0.86572550682115),(-0.707112482214785,
0.0185543591320159,-0.70685760465121),(0.,-0.999655690659716,-0.0262392860353164),
(0.,-0.999655622893423,-0.0262418676420233),(-0.994511304529672,0.000435616385048682,
-0.104628272474773),(-1.56227732889028E-6,-0.999655545949461,-0.026244798533118),
(-0.905661327440414,0.00735044620691812,-0.42393812156897),(-0.707104921787586,
-0.0185553751491896,0.706865141053684),(0.,0.999655677558599,0.0262397851523542),
(-0.707102606019978,-0.0185556610639649,0.706867450093888),(1.17236871798548E-6,
-0.999655658696239,-0.0262405037149504),(-0.707104206101858,0.0185550483170972,
-0.706865865560795),(2.71015927487167E-6,-0.999655598465771,-0.0262427980348325),
(-0.707105322759455,-0.0185554455132437,0.706864738098494),(0.,0.999655680862566,
0.0262396592811891),(-0.707108591399913,-0.0185549885029346,0.706861480327007),
(0.,-0.999655685309772,-0.0262394898549199),(0.,-0.999655725833961,-0.0262379459419304),
(-0.997858824810009,-0.00171630170594248,0.0653821080819715),(0.,-0.999655686755244,
-0.0262394347807738),(-0.958071795903071,-0.00888448223726851,0.286390467492268),
(-0.707105877720943,0.0185552700472551,-0.706864187553711),(0.,0.999655607579037,
0.0262424510247551),(0.,0.999655914781306,0.0262307461340764),(0.499996036784668,
0.0227245920529976,-0.865729493615442),(-0.707105414638225,0.0185549089079986,
-0.706864660274313),(0.,0.999655661070037,0.0262404132976703),(0.,0.999655680862566,
0.0262396592811891),(0.70710549659582,-0.0185550697096277,0.706864574067798),
(-0.866025993544802,0.0131205168984905,-0.499826800543004),(0.,-0.999655704325139,
-0.0262387654086661),(-0.866024351150415,-0.0131208009308128,0.49982963877449),
(3.13679941666275E-6,0.999655602124959,0.0262426585990445),(-0.866029224852191,
-0.0131198400022596,0.499821219537774),(2.45446902796015E-6,-0.999655685983985,
-0.0262394640544267),(-3.86270252012629E-6,-0.999655561732503,-0.0262441971177336),
(-0.258841099712002,0.0253457752047706,-0.965587322192639),(-0.866026589465862,
0.0131202242877593,-0.49982577569866),(0.,-0.999655631612908,-0.0262415354830775),
(2.34619269604558E-6,-0.999655598978512,-0.0262427785382732),(-0.258829459073787,
-0.0253458485019222,0.965590440652396),(-0.866024382778442,-0.0131204365890605,
0.499829593538569),(0.,0.999655703490662,0.0262387971907615),(-0.866026886577378,
-0.0131199484887951,0.499825268145524),(-1.05115655232687E-6,-0.999655613550635,
-0.0262422235261825),(-0.866024122972869,0.0131208727747288,-0.499830032237662),
(0.,0.999655516958948,0.0262459027952737),(0.,0.999655607579037,0.0262424510247551),
(0.707105532327412,0.0185545414984721,-0.706864552189278),(-0.866025625087442,
0.0131204108659391,-0.499827441734259),(1.98077558448582E-6,0.999655692174787,
0.0262392282398551),(0.,0.999655587156768,0.0262432289417602),(0.0610713980243034,
-0.0200672030586059,0.997931656830648),(0.,0.999655587156888,0.0262432289372032),
(-0.0622435617278793,-0.0259121839609819,0.997724560059438),(-0.965924697955521,
0.00679199447921668,-0.258734123552597),(1.00214316120632E-6,-0.99965564615658,
-0.0262409814272619),(-0.965925714514918,-0.0067914294324398,0.258730343263231),
(-3.43042341564523E-6,0.99965570659414,0.0262386787396465),(-0.965925742443632,
-0.00679142871552843,0.258730239014925),(1.58262143253555E-6,-0.999655645726336,
-0.0262409977888911),(-2.6969594404109E-6,-0.99965562960377,-0.0262416118829639),
(-0.500020662040627,0.022725275966319,-0.865715253050741),(-0.96592603464009,
0.00679163451344036,-0.25872914274412),(-1.48383857560749E-6,-0.999655647790048,
-0.0262409191770676),(2.36170643250018E-6,-0.999655635753878,-0.0262413776302188),
(-0.499997728830307,-0.0227250681476935,0.865728503886881),(-0.965925994821027,
-0.00679140379160176,0.258729297458847),(0.,0.99965570422365,0.0262387692722973),
(-0.965925763940636,-0.00679150398409755,0.258730156783729),(0.,-0.999655670061679,
-0.0262400707529676),(-0.965926297451091,0.00679137109231879,-0.258728168491783),
(0.,0.999655690613542,0.0262392877874543),(0.,0.999655516958948,0.0262459027952737),
(0.866024521738582,0.0131205837760524,-0.49982934890704),(1.33520078171398E-6,
0.999655630134939,0.026241591753097),(-0.258816217511359,0.0253471014752681,
-0.965593957106151),(-0.96592657825397,0.00679142751027317,-0.258727118669363),
(-1.57393572773989E-6,0.99965562393247,0.0262418280176489),(1.13115836937659E-5,
0.999655846581207,0.0262333426779469),(-0.258815346085169,-0.0253465660462986,
0.965594204736376),(-4.85510490974483E-6,0.999655329611391,0.0262530370808521),
(0.257202992984604,-0.0300159788417797,0.965891122960519),(-0.999999999998189,
0.,1.90269581181202E-6),(2.62179389242541E-6,-0.999655575337,-0.0262436790633033),
(-0.999999999997756,0.,2.11786823037614E-6),(2.87508089034343E-6,0.99965561525012,
0.0262421586504771),(-0.99999999999926,0.,1.21136548345724E-6),(0.,-0.999655642553877,
-0.0262411186817403),(-0.999999999999636,0.,0.),(-4.50827663331661E-6,0.999655571039954,
0.0262438424865615),(0.,0.999655613444084,0.0262422276007931),(-0.70711015844292,
0.0185554535488046,-0.706859900525151),(0.,0.999655690613542,0.0262392877874543),
(0.965926217456091,0.00679184566241816,-0.258728454684573),(4.39027912869722E-6,
0.999655587790073,0.0262432044691331),(-0.499997359537534,0.0227267803126614,
-0.865728672224799),(-3.1151800996999E-6,0.999655598724843,0.0262427881211557),
(-0.500007470774023,-0.0227244186700321,0.865722894445026),(0.,0.999655704060564,
0.0262387754875176),(-0.707106223699522,-0.0185549275470631,0.706863850447259),
(-0.26755105817985,0.0259583284945856,-0.963193955778694),(-4.2490292955905E-6,
-0.999655960767189,-0.0262289932055097),(-0.274924200911013,0.0252301394979123,
-0.961134810426902),(-4.69593628140589E-6,-0.999655922813927,-0.0262304395880677),
(0.872267896147835,0.013819081892656,-0.488833049542963),(1.27405914486063E-5,
-0.999654821718325,-0.0262723667182996),(0.707107287294243,0.0185558309820934,
-0.706862762770781),(-0.247584605193719,-0.0261673192268191,0.968512846933665),
(4.75052229909013E-6,-0.999655920412348,-0.0262305311035321),(0.870748675743857,
-0.0129032450203555,0.491558999468288),(0.,-0.999655553738387,-0.0262445018974198),
(-0.420007679209819,-0.0208343323004277,0.907281367604547),(4.33345523523021E-6,
-0.999655925361028,-0.0262303425789404),(0.707105550740275,-0.0185549324936232,
0.706864523506768),(-1.40747194722998E-5,-0.999655087359518,-0.026262256531682),
(-0.629271704930662,0.0173468630276357,-0.776991768113896),(-6.87267359230156E-6,
-0.999655642437386,-0.0262411222295129),(-0.286361996983748,0.023520886389753,
-0.957832748754667),(-6.64469806956204E-6,-0.999656026533261,-0.0262264860700016),
(-0.51403754662941,-0.0230519402309044,0.857457875762307),(-1.43471097723132E-5,
-0.999656779906201,-0.026197751463176),(-0.258808285563065,-0.0251769723344899,
0.965600534065705),(1.7155874644545E-6,-0.999655543202614,-0.0262449031498092),
(-0.785073127586284,-0.0182239464440204,0.61913493853755),(-0.499996436363926,
0.0228748229380286,-0.865725306375485),(-2.01406461094992E-6,-0.999656095695791,
-0.0262238504837146),(-0.61134324955092,0.0233862384227124,-0.791019920786422),
(1.85607480193972E-6,-0.99965550529282,-0.0262463470660634),(0.983244345054825,
0.00705051931623302,-0.182156109134664),(-0.69376597144694,-0.019656970450653,
0.719932205401999),(-2.08916491959147E-6,-0.999655474410915,-0.0262475232341056),
(0.98249079819194,-0.00392209033782841,0.186269827603794),(0.,-0.999655758656753,
-0.0262366953765044),(-0.791164144777512,-0.0139645533215987,0.611444426966994),
(-0.707098285852054,0.0185565286928898,-0.706871748896472),(-1.09341638666942E-5,
-0.999655666031984,-0.026240221999744),(-0.707104120289412,-0.0185550927801017,
0.706865950235021),(-4.50063946458159E-6,-0.999655647746349,-0.0262409204978085),
(2.02888485797373E-6,-0.999655550943022,-0.026244608297466),(-0.907637787502822,
0.0146243074928325,-0.419499435431489),(-0.719345774976595,0.0177818090141766,
-0.694424555507296),(-0.715723226691149,0.0194368008749921,-0.698113510502809),
(-0.866026543157,0.0131207224352207,-0.499825842859606),(2.45630930795426E-5,
-0.999655650567688,-0.0262408019074784),(-0.86602387841657,-0.0131204642255615,
0.499830466689285),(2.04318355512255E-6,0.999655913198765,0.0262308063651881),
(-0.866028192100551,-0.0131198838777096,0.49982300780785),(0.,-0.999655648248302,
-0.0262409017617124),(-0.866029998788246,0.013120281795236,-0.499819866956531),
(0.,0.999655566141654,0.0262440294545163),(0.,0.999655613443931,0.0262422276066288),
(0.707112558190012,0.0185561541513728,-0.706857481528694),(-0.869220862458258,
-0.0118673923419845,0.49428155667223),(0.,-0.999655731356461,-0.0262377355334838),
(-0.961466256807352,-0.00721434296081268,0.274828292350884),(-0.963895875878203,
-0.00620532941345003,0.266207126786385),(-0.965926988696588,0.00679148545510727,
-0.258725584805321),(-3.14346974398125E-5,-0.999655653565264,-0.0262406803811216),
(-0.965926050345279,-0.00679139529130274,0.258729090390637),(0.,0.999655580091709,
0.0262434980765673),(-0.965925616336416,-0.00679152019206828,0.258730707413318),
(3.59717189779262E-5,-0.999655652551387,-0.0262407131781087),(-0.965925053767891,
0.00679199231326364,-0.258732795261662),(0.,0.999655726024759,0.0262379386749579),
(0.,0.999655566141654,0.0262440294545163),(0.86603104437026,0.0131205178102015,
-0.499818049093217),(0.,0.999655757923208,0.0262367233125273),(0.50335457201843,
-0.0230512332519843,0.863772432689135),(-0.968794737457342,0.00723381534804172,
-0.24775881132761),(-0.855758360827439,0.0129527766899804,-0.517213547241325),
(0.,-0.999655703781951,-0.0262387861036176),(-0.995539329610956,0.00348493272704052,
-0.0942830761147357),(0.,-0.999655703342924,-0.0262388028254461),(-0.997858930929891,
-0.00171625993822503,0.065380489561333),(-0.999465712019452,0.000857728885916102,
-0.0326734570960698),(-4.0097332111883E-5,-0.99965565428951,-0.0262406409833218),
(-0.997858928558747,-0.00171617969900347,0.0653805278567733),(0.,0.999655517555559,
0.0262458800531199),(4.04897505008325E-5,-0.999655652917991,-0.0262406926296958),
(-0.999465704917118,-0.000857695352195032,0.0326736752326899),(-0.997859058056227,
0.00171612661442511,-0.0653785527874587),(0.,0.999655745266533,0.026237205560293),
(0.,0.999655726024759,0.0262379386749579),(0.965924224325354,0.00679175616612002,
-0.25873589799184),(0.,0.999655702075575,0.0262388511107804),(0.731477755624832,
-0.0201207587634292,0.681568373747522),(0.,0.999655640784541,0.0262411860836225),
(0.582290686236207,0.0115647830734555,-0.812898402332685),(0.908817131642323,
0.00671941242897861,-0.417140588686872),(0.,0.999655657202283,0.0262405606506268),
(0.00171450755275209,0.017064508926642,-0.999852920683309),(0.557652188142441,
0.0120836922081412,-0.829986759799556),(0.,0.999655744943595,0.0262372178644221),
(0.997858814278575,0.00171638582719954,-0.0653822666037791),(0.,0.999655633260079,
0.0262414727362623),(0.999938150337593,-0.00911281472454335,0.0063759005034387),
(0.84841858688234,-0.0210601664799941,0.52890676949762),(0.,0.999655595442132,
0.02624291334019),(0.910147457852685,0.00720493277127141,-0.414221793135098),
(0.999995077865794,-0.00257080272408694,0.00179867104778295),(0.996784806452779,
-0.05382901415224,-0.0593505422072428),(0.870227045675799,-0.0128904526167958,
0.492482208009289),(0.963023142131573,-0.128005260216946,0.237067671933194),
(0.996464823741765,-0.0687531706059227,0.0482789454827519),(0.962445358025774,
0.00594182589094611,-0.27141044106615),(0.866167036185517,0.0130917955984888,
-0.499583096505081),(0.706696632177448,-0.0194344692731048,0.707249723558182),
(0.706881916925506,0.018473032046951,-0.707090307252697),(0.500259588839038,
-0.0240663051511441,0.865540961902421),(0.498036058222122,0.0231557440330093,
-0.866847100836617),(0.259085918326332,-0.0257831996190993,0.965510079461837),
(-0.0509840621550359,-0.0358210054432118,-0.99805685257665),(0.0599916260196046,
-0.0251564068144,-0.997881836693961),(0.288626326861275,-0.0821442812862317,
-0.953911505588719),(0.,-0.999655581735218,-0.0262434354767157),(-0.1863538526625,
-0.0250205588679166,0.982164045988134),(0.050968280577234,-0.0881202983736623,
0.994805029837273),(0.999997368884807,0.00187955788195674,-0.00131509909580652),
(0.920622012335274,0.0111550621297901,-0.390295625126174),(0.,-0.99965564984526,
-0.0262408409173627),(0.999982918986975,-0.00478901553610771,0.00335068119691887),
(1.0064059033983E-6,-0.999655615839636,-0.0262421363319778),(0.908766732713051,
0.000646369766882096,0.417303975202933),(0.0558945635178903,-0.99791766665934,
0.032188947455963),(0.767910106371851,-0.00648685486932049,0.640524776449652),
(0.,-0.999655645312064,-0.0262410136176729),(0.919234213403384,0.0106179154858189,
-0.393567936675993),(0.654770583850783,0.0236583311306621,-0.755457322349725),
(1.25377323044087E-6,-0.999655666110248,-0.0262402212663159),(0.0674000159975802,
-0.994761554932831,-0.0768549716748484),(0.518748432392684,0.0276112924077354,
-0.85448094210562),(0.,-0.999655657396127,-0.0262405532649217),(0.302341936484812,
-0.012950056352208,0.953111561929184),(0.,-0.999655660421135,-0.0262404380281381),
(0.364991969274906,0.0333156389230806,-0.930414386479472),(0.0014795214478215,
0.0183220752475906,-0.999831042014053),(0.,-0.999655660255328,-0.0262404443350653),
(-0.212633447191393,-0.0191966340612236,0.976943450961326),(0.,-0.99965563963073,
-0.0262412300476967),(-0.0583862230704842,-0.997852125589867,0.0297015893741106),
(-0.000103083374317771,0.0267905232076394,-0.999641064202586),(0.,0.9996556403515,
0.0262412025889258),(-0.414272475100563,0.0202158781642016,-0.909928367864253),
(-0.000344949265355996,0.0280845651880021,-0.99960549128554),(-0.390440520238397,
0.0250692314014541,-0.920286767150821),(0.,-0.99965564444343,-0.0262410467049813),
(-0.261116705486539,-0.0264838465862959,0.964943869862827),(4.85509684504283E-6,
0.999655329611957,0.0262530370593345),(0.,0.999655703490662,0.026238797190765),
(0.866024260871842,-0.0131200678247874,0.499829814438528),(-0.497544808883845,
-0.0241966267505988,0.867100736020118),(0.,0.999655757923269,0.0262367233102112),
(-0.639526385982591,-0.0111604743374629,0.768688132759059),(0.,-0.99965564804213,
-0.0262409096158941),(-0.393700042295895,0.0244097295836124,-0.91891481748738),
(-0.755826282117721,0.0210071925781973,-0.654435122162683),(-1.65734815531237E-6,
-0.999655670196465,-0.026240065573636),(-0.417179733515047,0.0196187784408273,
-0.908612223930982),(0.,0.999655650418005,0.0262408191013217),(-0.812922074195344,
0.00551556835965753,-0.582346357240783),(-0.0558927621481775,-0.994854810011225,
-0.0844979652830562),(-2.04317800516384E-6,0.999655913198033,0.0262308063930833),
(0.866025202874864,-0.0131200197359889,0.499828183546784),(0.,0.99965570406092,
0.0262387754739307),(0.707108676299861,-0.0185549732181133,0.706861395798592),
(0.,0.99965570422365,0.0262387692722815),(0.965925980474322,-0.00679148277779278,
0.258729348946728),(-0.709641680936361,-0.0190490703072905,0.704305202024125),
(0.,0.99965567364268,0.0262399343358835),(0.,0.999655580091923,0.0262434980684063),
(0.965925099099915,-0.00679157084623271,0.258732637087516),(-0.854911988473417,
0.0187911728833911,-0.51843262222404),(-2.45778772993973E-6,-0.999655680585025,
-0.0262396697397335),(-0.868580081682117,-0.0141561724709935,0.495346590263886),
(0.,0.999655593405484,0.0262429909300234),(-0.830017100530084,-0.00493944810780254,
0.557716069949596),(0.,-0.999655650457341,-0.0262408176075086),(-0.999938147117472,
0.00876610345352186,0.00684524429941892),(-0.830016607808838,0.00493938489474354,
-0.557716803797743),(0.,0.999655694675607,0.0262391330326797),(-0.999938148743473,
-0.00876570905340131,-0.00684551183383914),(1.00810497915309E-6,0.999655518232309,
0.0262458542759909),(0.997858695168813,-0.00171635500477852,0.06538408523098),
(-0.930964486229837,0.0184653223402903,-0.364642506092865),(-0.999997186634097,
-0.00186941960267055,-0.00146013500761747),(0.,-0.999655649842586,-0.0262408410227339),
(-0.930966560630705,-0.0184656951742579,0.364637191039486),(-0.999997186267267,
0.0018698206816117,0.00145987265477038),(0.,0.999655679281955,0.0262397194970851),
(-2.62670398639859E-6,-0.999656188443329,-0.0262203146444972),(-0.258815496312,
0.0253486720306527,-0.965594109186181),(-0.259088661830157,0.0249065097555748,
-0.96553235631068),(0.,-0.999655731623148,-0.0262377253748832),(-0.491722595579513,
-0.0228490451888844,0.870452072276529),(-0.492646120041107,-0.0227982401129172,
0.869931055116551),(-0.0501066034791428,-0.0935489615465532,0.994353015825539),
(-0.240341841774751,-0.146973851084727,0.959496996446391),(-1.56531432493354E-6,
-0.999655664628428,-0.0262402777013884),(-0.499997050597124,0.0227260580946595,
-0.865728869610835),(2.01647240941541E-6,-0.999655721207983,-0.0262381221142259),
(0.0943036711755599,0.0271909754734076,-0.995172079821182),(-1.27405305522485E-5,
-0.99965482172187,-0.0262723665834419),(-0.707105305119541,0.0185556761023985,
-0.706864749691328),(-0.50026070990222,0.0213762549398181,-0.865610927526261),
(0.,-0.999655687038323,-0.0262394239961297),(0.0653939688279846,-0.0261846931344109,
0.997515909991606),(-4.3334362888159E-6,-0.999655925359938,-0.0262303426204746),
(-0.707104289672194,-0.0185549699122034,0.706865784020375),(-0.707513295704076,
-0.0194131998759704,0.706433340147909),(5.54682462598152E-6,-0.999656010800317,
-0.0262270859995667),(-0.870747166628145,0.0129039768375405,-0.491561653499165),
(-0.706694342938972,0.0176976269585518,-0.707297603317083),(-4.89031650006382E-6,
-0.999655937924677,-0.0262298636675534),(-0.872270347571361,-0.0118457383999415,
0.488880475402215),(-0.865873172341058,-0.0144726210341965,0.500054189723907),
(7.19967580455237E-6,-0.999656116874784,-0.0262230422146662),(0.419773855166814,
0.0274849369573405,-0.90721248269567),(0.,-0.999655677301469,-0.0262397949388085),
(-0.98249133085528,0.00585554150212386,-0.186216265207789),(-0.870228784898994,
0.0129645178969294,-0.492477190546851),(-2.89521075088323E-6,-0.999655786641442,
-0.0262356289403885),(0.27491643637538,-0.0252301977583737,0.961137029841081),
(1.59638370840886E-6,-0.99965550912436,-0.0262462011492895),(-0.983245126321954,
-0.00251576433868485,0.182270931565941),(-0.962409214682395,-0.00851237481550908,
0.27147015115739),(2.4304192083451E-6,-0.999655693341536,-0.0262391837515156),
(0.997858587727135,0.00171639904082006,-0.0653857237746865),(-0.997007761034105,
-0.0573531165170427,0.0518280277797923),(0.,-0.999655717847897,-0.0262382502047308),
(0.99553684574769,-0.00150323054091378,0.0943616927395927),(-1.76416837275761E-6,
-0.999655744765674,-0.0262372245840365),(0.90743924558946,-0.00818163217367392,
0.420103649661612),(0.,-0.999655561554134,-0.0262442041801688),(0.611711489806051,
-0.0188770096300131,0.790855683261295),(3.41966991027542E-6,-0.999655724373752,
-0.026238001354821),(0.961462487746099,0.0072146888450202,-0.274841468708694),
(0.,-0.999655453634461,-0.0262483145748522),(0.791362556401369,0.0186618439931247,
-0.611062222612941),(-0.963022827074598,-0.115396722901602,-0.243455603502612),
(-0.996464615175095,-0.0661288892412449,-0.0518193082901425),(0.999465651297494,
0.0008576968424633,-0.032675315340534),(4.0095087774507E-5,-0.9996556542896,
-0.0262406409833242),(0.997858581278738,0.00171663541799483,-0.0653858159788942),
(-1.1342837495487E-6,-0.999655524821186,-0.0262456033116431),(0.9641781358797,
0.00782911197297982,-0.265140014515466),(0.999465646785297,-0.000857701082488195,
0.0326754532470675),(-4.04874841989215E-5,-0.999655652918082,-0.0262406926296982),
(0.997859979076375,-0.0017479814188008,0.0653636498266033),(0.,-0.999655725833727,
-0.0262379459508483),(0.968767423348817,-0.00723318451767398,0.247865609756228),
(3.14326934884351E-5,-0.999655653565298,-0.026240680382235),(0.965926159221877,
0.0067918840289258,-0.258728671086547),(-1.51673484806777E-6,-0.999655587806215,
-0.0262432041776709),(0.499996153739624,0.0227245976756857,-0.865729425921321),
(0.,-0.99965550178787,-0.0262464806175381),(0.958051571817632,0.00623821067481985,
-0.286527957563204),(0.966019507092716,0.00678300363906084,-0.258380151671872),
(-2.45631067432636E-5,-0.999655650567511,-0.0262408019141907),(0.866027588782772,
0.013120391303937,-0.499824039837151),(1.09342857594769E-5,-0.999655666032115,
-0.0262402219946766),(0.707100685707143,0.0185557021056582,-0.706869369962976),
(2.69695944041113E-6,-0.99965562960377,-0.0262416118829639),(0.500021309065108,
0.0227264174405024,-0.865714849376592),(-1.5826214325356E-6,-0.999655645726336,
-0.0262409977888911),(0.965925743147655,-0.00679142662846717,0.258730236441356),
(-2.62179389242541E-6,-0.999655575337,-0.0262436790633033),(0.999999999998187,
0.,1.9033599758126E-6),(-1.00214316120634E-6,-0.99965564615658,-0.0262409814272619),
(0.965924617956606,0.0067915355627525,-0.258734434256605),(0.,-0.999655704325139,
-0.0262387654086661),(0.866026392308184,0.013120769612119,-0.499826102990287),
(0.,-0.999655690659716,-0.0262392860353164),(0.707112136836044,0.0185551057876164,
-0.706857930554913),(-3.59697045625527E-5,-0.999655652551459,-0.0262407131781152),
(0.965924665056841,-0.0067915309503597,0.258734258539877),(0.,-0.999655648248299,
-0.0262409017618181),(0.866029516529423,-0.0131202079653642,0.499820704495881),
(-2.69506074612761E-6,-0.999655610423696,-0.0262423425243412),(0.965929242968722,
-0.00688704439220573,0.25871464241015),(-2.00411716042572E-6,-0.999655758106846,
-0.0262367162543273),(0.500002653879627,-0.0227255922542336,0.865725645669588),
(4.5007037598928E-6,-0.999655647746278,-0.0262409205004814),(0.707106572870847,
-0.0185549183725291,0.706863501396864),(-2.36170643250034E-6,-0.999655635753878,
-0.0262413776302188),(0.499997455253945,-0.0227245704031049,0.865728674955135),
(1.48383857560753E-6,-0.999655647790048,-0.0262409191770677),(0.965925980999927,
0.00679148599798364,-0.258729346899938),(0.,-0.999655642553877,-0.0262411186817403),
(0.999999999999261,0.,1.21487916999288E-6),(0.,-0.999655670061679,-0.0262400707529676),
(0.965925749593665,-0.00679142780650758,0.258730212345339),(1.05115655232694E-6,
-0.999655613550635,-0.0262422235261825),(0.866026764673365,-0.0131203283287933,
0.499825469392995),(0.,-0.999655685309772,-0.0262394898549199),(0.707108765232516,
-0.0185553551781787,0.706861296808333),(8.6411494802791E-6,-0.999655413255488,
-0.0262498509392067),(0.777295814142435,0.0137965930531482,-0.628983999269278),
(1.82529866055034E-6,-0.999655635041778,-0.02624140480021),(0.10474320334724,
0.0239780310185956,-0.994210196779851),(0.866019229656809,0.013134381078185,
-0.499838155704745),(1.54320203965682E-6,-0.999655684110501,-0.0262395354986453),
(0.0654081334530817,-0.0261848962277028,0.997514975971653),(-1.05767395206477E-5,
-0.999655262886666,-0.026255576000587),(0.85773341259396,-0.0141733019604506,
0.513899319352982),(0.720287289534151,-0.0188522059712863,0.693419652782903),
(1.41897381133207E-5,-0.999656383683061,-0.0262128663132533),(0.619483130300701,
-0.022766572561784,0.784679765539187),(0.698271369250513,0.018175018680326,
-0.715602378126976),(1.03311551709776E-5,-0.999655318622748,-0.0262534539159918),
(0.423867024558406,0.0201872247055749,-0.905499432054317),(0.692420112605004,
0.0199740763089404,-0.721218014150838),(0.500007197203535,-0.0227249246952769,
0.865723039165678),(3.11518009969656E-6,0.999655598724843,0.0262427881211557),
(0.499998006594957,0.022725619196284,-0.865728329000048),(-4.39027912869573E-6,
0.999655587790073,0.0262432044691331),(-2.87508089034331E-6,0.99965561525012,
0.0262421586504771),(0.999999999997754,0.,2.11858724093157E-6),(4.50827663331651E-6,
0.999655571039954,0.0262438424865615),(0.999999999999636,0.,0.),(1.12014470601602E-5,
-0.999656153751712,-0.0262216349768815),(0.286416949121311,-0.0266863128491716,
0.957733351180043),(0.4944611505949,-0.0216070415454637,0.868931128633346),
(0.266686921036218,-0.0245408234484804,0.963470723028309),(0.258840378036716,
0.0253469315709459,-0.965587485294703),(3.86270252012847E-6,-0.999655561732502,
-0.0262441971177336),(-2.45446902796028E-6,-0.999655685983985,-0.0262394640544267),
(0.866028978006251,-0.0131205906231882,0.499821627538411),(0.258814949028635,
-0.0253459505232582,0.965594327319386),(-1.13115836937696E-5,0.999655846581207,
0.0262333426779469),(0.258829062023094,-0.0253464696023821,0.96559053077945),
(-2.34619269604719E-6,-0.999655598978512,-0.0262427785382732),(0.,-0.999655631612908,
-0.0262415354830775),(0.866026791267655,0.0131203578580194,-0.499825422539038),
(0.258815495817811,0.0253459552325706,-0.965594180635907),(-1.33520078171548E-6,
0.999655630134939,0.0262415917530969),(3.43042341564532E-6,0.99965570659414,
0.0262386787396465),(0.965925715218944,-0.006791431381616,0.258730340583705),
(1.57393572773993E-6,0.99965562393247,0.0262418280176489),(0.965926524614332,
0.00679158652665994,-0.258727314752289),(0.249324577198609,0.0261351045081254,
-0.968067255678594),(0.515852597911919,0.0218176536414919,-0.856399490434869),
(0.0653936808090178,0.0261837962040693,-0.997515952417099),(-7.72043408538646E-6,
-0.999655814040531,-0.0262345839562504),(-1.17236871798537E-6,-0.999655658696239,
-0.0262405037149504),(0.707103406782812,-0.0185554148824216,0.70686665552612),
(0.0653970521628178,-0.0261845124971395,0.997515712594895),(3.08249459607173E-5,
0.999654461383507,0.0262860587740647),(0.0654082258059765,-0.0261854114343909,
0.997514956391595),(7.34568306966476E-6,-0.999655833445539,-0.0262338446352515),
(-2.71015927487135E-6,-0.999655598465771,-0.0262427980348325),(0.70710380344022,
0.0185549511804211,-0.706866270907777),(0.0653966683582774,0.0261838670628119,
-0.99751575469928),(2.91502663575266E-5,0.99965670598574,0.0262005596886907),
(-3.13679941666308E-6,0.999655602124959,0.0262426585990445),(0.86602410429436,
-0.0131200727281038,0.499830085601858),(-1.98077558448596E-6,0.999655692174787,
0.0262392282398551),(0.866025826889219,0.013120258942652,-0.499827096070353),
(4.38559191314975E-6,0.0262382136620133,-0.999655718797523),(0.999999999999624,
0.,0.),(8.36564836733981E-6,0.0262317766874714,-0.999655887704281),(0.965925766405702,
0.258730145089383,0.00679159889752757),(-3.85538815037771E-6,0.0262474755397931,
-0.999655475657951),(0.866025174440278,0.499828228959783,0.0131201665619355),
(-1.51929674646035E-6,0.0262425292510176,-0.999655605524323),(0.707108293318741,
0.706861770568178,0.0185552911342788),(5.55617876197788E-6,0.0262295895056937,
-0.999655945114864),(0.500001136643958,0.865726529894736,0.0227252896828452),
(-5.30117074282858E-6,0.0262552877967388,-0.999655270498089),(0.258815549229805,
0.96559415892969,0.025346236756952),(0.,0.0262474573028005,-0.999655476144058),
(0.,0.999655640593942,0.026241193351077),(0.,0.0262440067688752,-0.999655566737219),
(0.0560685605430215,-0.998083086042,-0.0262005701371225),(-2.14636523113959E-6,
-0.0262408444789913,0.999655649749664),(0.999999999999917,0.,0.),(-1.86788204912569E-6,
-0.0262383244954639,0.999655715896319),(0.965925226707501,0.258732159665505,
0.00679160988910621),(1.46658931058271E-6,-0.0262423921766757,0.999655609122809),
(0.866026653113185,0.499825656968167,0.0131205462506661),(0.,-0.0262382634468929,
0.999655717499948),(0.707107597494866,0.706862468414155,0.018555223320851),
(0.,-0.0262390208358228,0.999655697620353),(0.499996786086534,0.865729055402339,
0.0227248000059522),(0.,-0.0262407604873753,0.999655651956735),(0.258821142879643,
0.965592661831698,0.0253461518825318),(0.,-0.0262407576078287,0.999655652032322),
(0.,0.999655664501619,0.0262402825790213),(0.,-0.0262387199941116,0.999655705516927),
(0.0560685122375887,-0.998083087783515,-0.0262006071683083),(0.,-0.999655714001527,
-0.0262383967469015),(0.258819895609877,0.0253459155833125,-0.965593002356446),
(-2.25762063275549E-6,-0.999655512054488,-0.0262460894988581),(0.,0.0262400299516882,
-0.999655671132883),(0.,-0.999655638166703,-0.0262412858200923),(-0.258819905415406,
0.0253459160550921,-0.965592999715765),(0.,-0.999655637968854,-0.0262412933572805),
(0.258819895609877,0.0253459155833125,-0.965593002356446),(2.55114487001678E-6,
0.0262451831846637,-0.999655535848772),(0.965925358641538,-0.258731667454577,
-0.00679159696903493),(-2.46625408615138E-6,0.0262383401068479,-0.999655715485264),
(0.866025565008504,-0.499827547813343,-0.0131203353082494),(2.51394433060574E-6,
0.0262478076081036,-0.999655466943211),(0.707108289959268,-0.706861783712035,
-0.0185549184401209),(-1.79854811285928E-6,0.0262371284969761,-0.999655747287534),
(0.500001447045457,-0.86572635539271,-0.0227251079404342),(5.19416970725272E-6,
0.0262550106596494,-0.999655277777436),(0.258820920013387,-0.965592700169947,
-0.0253469671151281),(0.,0.0262475438171145,-0.999655473872651),(0.,-0.999655642232992,
-0.0262411309158558),(0.,0.026241506295634,-0.999655632379121),(0.,-0.999655653945987,
-0.0262406847022034),(0.999998351261337,0.00099025165207189,-0.00152212886238532),
(-0.00206071903123774,0.0259623589382269,-0.999660797148431),(0.135794999993064,
0.990423569133944,0.0249172968209299),(1.14201063316857E-6,-0.999655608949557,
-0.0262423987925261),(0.499998306504487,-0.0227245580136127,0.865728183644111),
(0.,-0.999655651798329,-0.0262407665219195),(0.258818989758768,-0.0253459227316551,
0.965593244974887),(0.,-0.999655614133629,-0.0262422013248391),(0.,-0.0262400291448784,
0.999655671154061),(0.,-0.999655622182704,-0.0262418947197403),(-0.258818979953228,
-0.0253459233414186,0.965593247587172),(0.,-0.99965569234328,-0.0262392218896484),
(0.0912082096102155,0.0251461603601902,-0.995514305833341),(-0.00198710731679563,
-0.0265176630720863,0.999646369947746),(0.131585325635907,0.99093056634217,
0.0272381123809576),(2.0288360964063E-6,-0.99965572959792,-0.0262378024600567),
(0.499997635229603,0.0227251774299101,-0.865728555076927),(-2.95786212587816E-6,
-0.999655555557007,-0.0262444324622059),(0.258819394272965,0.0253471478206209,
-0.965593104390009),(5.58014563443531E-6,-0.999655896378147,-0.0262314468770932),
(0.,0.0262412998349457,-0.999655637798823),(1.10945029617723E-6,-0.999655739681415,
-0.0262374183328478),(-0.258819384466873,0.0253471473487575,-0.965593107030839),
(-1.10945029617727E-6,-0.999655739681415,-0.0262374183328478),(0.258819394272965,
0.0253471478206209,-0.965593104390009),(-1.51594190794562E-6,-0.999655683668104,
-0.0262395523543551),(0.0657593341320615,-0.0256028799104039,0.997506993717238),
(3.21363096683289E-6,-0.999655424875205,-0.0262494096551934),(0.258819505510374,
-0.0253471462590983,0.965593074614708),(-8.48942881178199E-6,-0.999656263793038,
-0.0262174405172171),(0.,-0.0262413006418308,0.999655637777642),(0.,-0.999655709860945,
-0.0262385544949525),(-0.258819515316334,-0.0253471456493432,0.965593072002305),
(0.,-0.999655710604961,-0.0262385261513877),(0.258819505510374,-0.0253471462590983,
0.965593074614708),(-3.42083315585452E-6,-0.0262448284171681,0.999655545160257),
(0.965925527845432,-0.258731036605713,-0.00679156487537762),(1.68160548248159E-6,
-0.0262378847579655,0.999655727438502),(0.86602557589363,-0.499827534251474,
-0.0131201334672248),(0.,-0.0262408343003171,0.999655650019025),(0.707108473409061,
-0.70686159811396,-0.0185549978411665),(0.,-0.0262427522013053,0.999655599672185),
(0.500000663508986,-0.865726809449931,-0.0227250498397132),(0.,-0.0262409912416361,
0.999655645899451),(0.258818317734071,-0.965593418568659,-0.0253461717463538),
(0.,-0.0262408454806689,0.999655649725674),(0.,-0.999655653052832,-0.0262407187297329),
(0.,-0.0262403818213657,0.999655661896567),(0.999998436201726,0.000859284788434657,
0.00154571140712035),(0.,-0.999655650098846,-0.0262408312640346),(0.,0.999655677558599,
0.0262397851523542),(0.707105722548233,-0.0185555792603581,0.706864334662497),
(2.34939899645292E-6,0.999655738404112,0.0262374669168107),(0.500009202650039,
-0.022725353155674,0.865721869649382),(-3.10979796102851E-6,0.999655548652125,
0.0262446954516056),(0.258818823030497,-0.0253459244447504,0.965593289619988),
(5.9289298418464E-6,0.999655909683811,0.0262309397292762),(0.,-0.0262400291448784,
0.999655671154061),(8.85066685157716E-5,0.999660642888151,0.0260497836270859),
(-0.25881881322491,-0.0253459239728356,0.965593292260677),(0.,0.999655661070037,
0.0262404132976703),(0.70710501197607,0.0185550271645693,-0.706865059969188),
(1.08010237432597E-6,0.999655610650751,0.0262423339912258),(0.500003036596513,
0.0227255868018617,-0.865725424773223),(0.,0.999655658698047,0.0262405036718076),
(0.258819508166435,0.025347146478991,-0.965593073897),(1.21177743051116E-6,
0.999655600810193,0.0262427088415567),(0.,0.0262412998349457,-0.999655637798823),
(0.000107990774460701,0.999649512396113,0.0264733961592759),(-0.258819498360378,
0.0253471470887398,-0.965593076509429),(0.,-0.0262413006418308,0.999655637777642),
(1.53490227515656E-6,0.999655566039883,0.0262440332861541),(0.,0.0262400299516882,
-0.999655671132883),(6.59746935105689E-6,0.999656025804874,0.0262265138453053),
(-0.258819387120727,-0.0253471470915458,0.965593106326247),(0.,0.999655673639744,
0.0262399344456009),(-0.258820086400649,0.0253459142418692,-0.965592951251615),
(-3.14549779404855E-6,0.999655489359959,0.0262469537776628),(-0.499996149498915,
0.0227245903454321,-0.865729428562926),(0.,-0.999655452481322,-0.0262483585079663),
(0.,-0.999655452481322,-0.0262483585079663),(0.499996153739624,0.0227245976756857,
-0.865729425921321),(-0.5000097618055,-0.0227243844675721,0.865721572129156),
(0.,0.999655963277186,0.0262288978868798),(-0.499998865674528,-0.0227255097758643,
0.865727835713749),(0.,-0.999655493782871,-0.0262467855122246),(0.,-0.999655622182704,
-0.0262418947197403),(0.258818989758768,-0.0253459227316551,0.965593244974887),
(-0.499997362008045,0.022725672774266,-0.865728699871936),(0.,-0.999655935400723,
-0.0262299603145908),(0.,-0.999655935400723,-0.0262299603145908),(0.499997635229603,
0.0227251774299101,-0.865728555076927),(-0.500002889876039,-0.0227255886787721,
0.865725509462909),(1.29151108493862E-6,0.999655590184127,0.0262431136101832),
(-0.500002649638742,-0.0227255997132747,0.865725647923122),(0.,-0.999655939030753,
-0.0262298219693405),(-0.499996032543954,0.0227245995117438,-0.865729495868852),
(1.81782801037192E-6,0.999655755206571,0.0262368267722226),(0.,0.999655963277186,
0.0262288978868798),(0.500009202650039,-0.022725353155674,0.865721869649382),
(-2.02510458605967E-5,0.999674010456665,0.0255317920910962),(0.258818823030497,
-0.0253459244447504,0.965593289619988),(-0.500002763379302,0.0227250997411715,
-0.865725595356182),(0.,0.99965547676771,0.0262474335568905),(-2.36514366862249E-5,
0.999632412943385,0.0271115922364379),(0.258819508166435,0.025347146478991,
-0.965593073897),(-0.707112482214785,0.0185543591320159,-0.70685760465121),
(0.,-0.999655689717566,-0.0262393219290636),(0.,-0.999655689717566,-0.0262393219290636),
(0.707112136836044,0.0185551057876164,-0.706857930554913),(-0.707104921787586,
-0.0185553751491896,0.706865141053684),(0.,0.999655681913508,0.0262396192434054),
(-0.707102606019978,-0.0185556610639649,0.706867450093888),(0.,-0.999655662110212,
-0.0262403736824364),(0.,-0.999655493782871,-0.0262467855122246),(0.499998306504487,
-0.0227245580136127,0.865728183644111),(-0.707104206101858,0.0185550483170972,
-0.706865865560795),(0.,-0.999655597678071,-0.0262428281802462),(0.,-0.999655597678071,
-0.0262428281802462),(0.70710380344022,0.0185549511804211,-0.706866270907777),
(-0.707105322759455,-0.0185554455132437,0.706864738098494),(0.,0.999655681913508,
0.0262396192434054),(-0.707108591399913,-0.0185549885029346,0.706861480327007),
(0.,-0.999655685815602,-0.0262394705841864),(0.,-0.999655939030753,-0.0262298219693405),
(0.500002653879627,-0.0227255922542336,0.865725645669588),(-0.707105877720943,
0.0185552700472551,-0.706864187553711),(0.,0.999655607579037,0.0262424510247551),
(-1.2141259860825E-6,0.999655646982105,0.0262409499697473),(0.499996036784668,
0.0227245920529976,-0.865729493615442),(0.,0.999655681913508,0.0262396192434054),
(0.707105722548233,-0.0185555792603581,0.706864334662497),(-0.707105414638225,
0.0185549089079986,-0.706864660274313),(0.,0.999655681913508,0.0262396192434054),
(0.,0.99965547676771,0.0262474335568905),(0.500003036596513,0.0227255868018617,
-0.865725424773223),(0.,0.999655681913508,0.0262396192434054),(0.70710549659582,
-0.0185550697096277,0.706864574067798),(0.,0.999655667083714,0.0262401841965971),
(0.500002894116909,-0.0227255960092988,0.86572550682115),(-0.866025993544802,
0.0131205168984905,-0.499826800543004),(0.,-0.999655707832642,-0.0262386317787207),
(0.,-0.999655707832642,-0.0262386317787207),(0.866026392308184,0.013120769612119,
-0.499826102990287),(-0.866024351150415,-0.0131208009308128,0.49982963877449),
(0.,0.99965561542859,0.0262421520094485),(-0.866029224852191,-0.0131198400022596,
0.499821219537774),(0.,-0.999655716448363,-0.0262383035295595),(0.,-0.999655662110212,
-0.0262403736824364),(0.707103406782812,-0.0185554148824216,0.70686665552612),
(-0.866026589465862,0.0131202242877593,-0.49982577569866),(0.,-0.999655526441802,
-0.0262455416092811),(0.,-0.999655526441802,-0.0262455416092811),(0.866026791267655,
0.0131203578580194,-0.499825422539038),(-0.866024382778442,-0.0131204365890605,
0.499829593538569),(0.,0.99965569749634,0.0262390255746112),(-0.866026886577378,
-0.0131199484887951,0.499825268145524),(0.,-0.999655624905764,-0.0262417909881513),
(0.,-0.999655685815602,-0.0262394705841864),(0.707108765232516,-0.0185553551781787,
0.706861296808333),(-0.866024122972869,0.0131208727747288,-0.499830032237662),
(0.,0.999655516958948,0.0262459027952737),(0.,0.999655607579037,0.0262424510247551),
(0.707105532327412,0.0185545414984721,-0.706864552189278),(0.,0.99965561542859,
0.0262421520094485),(0.86602410429436,-0.0131200727281038,0.499830085601858),
(-0.866025625087442,0.0131204108659391,-0.499827441734259),(0.,0.999655701804101,
0.0262388614568072),(0.,0.999655681913508,0.0262396192434054),(0.70710501197607,
0.0185550271645693,-0.706865059969188),(0.,0.99965569749634,0.0262390255746112),
(0.866024260871842,-0.0131200678247874,0.499829814438528),(-0.965924697955521,
0.00679199447921668,-0.258734123552597),(0.,-0.999655659399457,-0.0262404769514097),
(0.,-0.999655659399457,-0.0262404769514097),(0.965924617956606,0.0067915355627525,
-0.258734434256605),(-0.965925714514918,-0.0067914294324398,0.258730343263231),
(0.,0.999655620634251,0.0262419537068105),(-0.965925742443632,-0.00679142871552843,
0.258730239014925),(0.,-0.999655663944897,-0.0262403037880122),(0.,-0.999655716448363,
-0.0262383035295595),(0.866028978006251,-0.0131205906231882,0.499821627538411),
(-0.96592603464009,0.00679163451344036,-0.25872914274412),(0.,-0.999655668852388,
-0.026240116830613),(0.,-0.999655668852388,-0.026240116830613),(0.965925980999927,
0.00679148599798364,-0.258729346899938),(-0.965925994821027,-0.00679140379160176,
0.258729297458847),(0.,0.999655668852389,0.0262401168305967),(-0.965925763940636,
-0.00679150398409755,0.258730156783729),(0.,-0.999655620634252,-0.0262419537067974),
(0.,-0.999655624905764,-0.0262417909881513),(0.866026764673365,-0.0131203283287933,
0.499825469392995),(-0.965926297451091,0.00679137109231879,-0.258728168491783),
(0.,0.999655673759685,0.0262399298792966),(0.,0.999655516958948,0.0262459027952737),
(0.866024521738582,0.0131205837760524,-0.49982934890704),(0.,0.999655620634251,
0.0262419537068105),(0.965925715218944,-0.006791431381616,0.258730340583705),
(-0.96592657825397,0.00679142751027317,-0.258727118669363),(0.,0.999655671124575,
0.0262400302682052),(0.,0.999655701804101,0.0262388614568072),(0.866025826889219,
0.013120258942652,-0.499827096070353),(0.,0.999655668852389,0.0262401168305967),
(0.965925980474322,-0.00679148277779278,0.258729348946728),(-0.999999999998189,
0.,1.90269581181202E-6),(0.,-0.999655584285148,-0.0262433383455441),(0.,
-0.999655584285148,-0.0262433383455441),(0.999999999998187,0.,1.9033599758126E-6),
(-0.999999999997756,0.,2.11786823037614E-6),(0.,0.99965569475258,0.0262391301063348),
(0.,-0.999655663944897,-0.0262403037880122),(0.965925743147655,-0.00679142662846717,
0.258730236441356),(-0.99999999999926,0.,1.21136548345724E-6),(0.,-0.999655688953099,
-0.0262393510534185),(0.,-0.999655688953099,-0.0262393510534185),(0.999999999999261,
0.,1.21487916999288E-6),(-0.999999999999636,0.,0.),(0.,0.999655578484808,
0.0262435592899441),(0.,-0.999655620634252,-0.0262419537067974),(0.965925749593665,
-0.00679142780650758,0.258730212345339),(0.,0.999655673759685,0.0262399298792966),
(0.965926217456091,0.00679184566241816,-0.258728454684573),(0.,0.99965569475258,
0.0262391301063348),(0.999999999997754,0.,2.11858724093157E-6),(0.,0.999655671124575,
0.0262400302682052),(0.965926524614332,0.00679158652665994,-0.258727314752289),
(0.,0.999655578484808,0.0262435592899441),(0.999999999999636,0.,0.),(0.,
0.999655640593942,0.026241193351077),(-1.1996956103161E-5,-0.0262583343503765,
0.999655190419785),(0.,0.999655664501619,0.0262402825790213),(0.,0.026240814407404,
-0.999655650541339),(0.,-0.999655642232992,-0.0262411309158558),(8.67745801660425E-6,
-0.0262526137250702,0.999655340703637),(0.,-0.999655653052832,-0.0262407187297329),
(0.,0.0262410883236247,-0.999655643351045),(-0.258815986309791,0.965594022689872,
0.0253469638434501),(4.60274356062253E-6,0.0262498109773272,-0.999655414331593),
(-0.258821107325906,0.965592670159565,0.0253461976776456),(4.15173189992064E-6,
-0.0262016630980232,0.999656677481655),(0.,-0.0262353048018329,0.999655795152095),
(0.900969175306074,-0.433733699870803,-0.011385198490895),(1.04319311330348E-6,
-0.0262403470581119,0.99965566280854),(0.623489921611417,-0.781562174668155,
-0.0205154765231919),(-1.58757720200905E-6,-0.0262477378350019,0.999655468777131),
(0.781831698202882,-0.623274841757181,-0.01636054148731),(-0.258821121790121,
0.965592667480721,0.0253461520308148),(0.,0.0262392683538014,-0.99965569112382),
(-0.25882114287965,0.965592661831696,0.0253461518825225),(0.,-0.026240761614452,
0.999655651927149),(0.,0.0262376815589475,-0.999655732773243),(0.900969257457542,
-0.433733528584206,-0.0113852228041314),(0.,0.0262375741417016,-0.999655735592587),
(0.623489814656955,-0.781562259414271,-0.0205154984900544),(0.,0.0262419300819696,
-0.999655621254375),(0.781831420138455,-0.623275190058038,-0.0163605605772914),
(-0.258818349936543,-0.965593388584502,-0.0253469851860863),(-4.08836090193863E-6,
-0.0262350128952333,0.999655802804982),(-0.258820742719016,-0.965592756690953,
-0.0253466243184789),(-5.27478482868031E-6,0.0262566691817891,-0.999655234216105),
(-0.258818560936911,-0.965593343807697,-0.0253465364264493),(0.,-0.0262410125979722,
0.999655645338846),(-0.258821142879579,-0.965592661831715,-0.0253461518825227),
(0.,0.0262409897037022,-0.999655645939825),(-0.500001488625566,0.865726340390289,
0.0227247646116496),(-6.53096071768994E-6,0.0262327275487457,-0.999655862766132),
(-0.499998722535305,0.865727923200672,0.0227253262619865),(-1.412237139559E-6,
-0.0262669167359362,0.999654965017027),(0.,-0.02623654133645,0.99965576269969),
(0.974927741664143,-0.222445059251794,-0.00583901944856258),(-0.50000084715053,
0.865726711560693,0.0227247384817001),(0.,0.0262432629836823,-0.999655586263557),
(-0.49999714421354,0.865728832914375,0.022725396344583),(1.35264242309156E-6,
-0.0262390870966295,0.99965569588059),(0.,0.0262402887130737,-0.999655664340578),
(0.974927836013208,-0.222444645700956,-0.00583902094357134),(-0.500001686839605,
-0.865726216994596,-0.0227251043072515),(-2.98275891308634E-6,-0.0262377195437192,
0.999655731771818),(-0.500001766746605,-0.865726172817205,-0.0227250291429725),
(1.94971219261552E-6,0.0262363148830936,-0.999655768641163),(-0.500000847150555,
-0.865726711560678,-0.0227247384816997),(0.,-0.0262427591350832,0.99965559949026),
(-0.499998971459604,-0.865727786018209,-0.0227250754750931),(1.61052296170698E-6,
0.026239238748506,-0.999655691899619),(-0.70710781619865,0.706862250919082,
0.0185551743830497),(-1.06058805095089E-6,0.0262431724334636,-0.999655588640159),
(-0.707107555565539,0.706862508069672,0.0185553104954288),(0.,-0.0262593196231477,
0.999655164610528),(0.,-0.0262433406323843,0.999655584225053),(0.998426822864205,
-0.0560510005218517,-0.00147130071359422),(-0.707108099297286,0.706861966782858,
0.0185552101591153),(0.,0.026244639196145,-0.99965555013387),(-0.707107080711379,
0.706862981344837,0.0185553769059233),(1.66047629567235E-6,-0.0262391187602685,
0.999655695049014),(0.,0.0262433069224663,-0.999655585110074),(0.99842681124032,
-0.0560512074331547,-0.0014713061448754),(-0.707108460756285,-0.706861612973027,
-0.0185549139595913),(-1.1004081373546E-5,-0.0262332652718542,0.999655848615956),
(-0.70710807957665,-0.706861993228466,-0.0185549542306815),(-2.58725498004769E-6,
0.0262485439519324,-0.99965544760868),(-0.707108208407731,-0.706861864909847,
-0.0185549329985904),(0.,-0.0262410817975389,0.999655643522303),(-0.70710760474427,
-0.706862466482667,-0.0185550206376075),(2.15484940628504E-6,0.0262392676045887,
-0.99965569114117),(-0.866025326025872,0.499827955695495,0.0131205711401887),
(1.29541651435216E-6,0.0262511638554464,-0.999655378815398),(-0.866026532734225,
0.499825877130867,0.0131201048279491),(1.87637086237666E-6,-0.026225559063145,
0.999656050873652),(0.,0.0262443026725697,-0.999655558968777),(0.974927776272622,
-0.222444907350866,-0.00583902781170094),(0.,0.0262404176686224,-0.999655660955228),
(0.623489641092124,-0.781562398297784,-0.0205154823933242),(-1.08816751964498E-6,
0.0262362587852453,-0.999655770114778),(0.781831586669425,-0.623274982089488,
-0.0163605252763103),(0.,0.0262393034692984,-0.999655690202042),(0.900969238452071,
-0.43373356898957,-0.0113851875111839),(-0.866025734547514,0.499827247428442,
0.0131205880030394),(0.,0.0262343061766287,-0.999655821360245),(-0.866026860358718,
0.499825306538113,0.0131202165112765),(0.,-0.0262429894113138,0.999655593445289),
(0.,-0.0262439158154569,0.999655569124806),(0.974927891073603,-0.222444404386928,
-0.00583902078444341),(-1.02676627194519E-6,-0.0262435825537292,0.999655577873545),
(0.623489907947558,-0.781562184696306,-0.0205155097495237),(0.,-0.0262397080103252,
0.999655679583478),(0.78183147708057,-0.623275118593613,-0.0163605619748154),
(0.,-0.0262393141156256,0.999655689922585),(0.900969161400588,-0.433733728079192,
-0.011385224268627),(-0.866025248725953,-0.499828095442127,-0.0131203496846696),
(-8.64746229480094E-6,-0.0262612813991018,0.999655113038741),(-0.866025682783767,
-0.499827345463629,-0.0131202700312041),(3.14277585483745E-6,0.0262377089216579,
-0.999655732050122),(-0.866025657249629,-0.499827387171798,-0.0131203665482863),
(-2.65283036145631E-6,-0.0262372202331097,0.999655744877906),(-0.866026481533478,
-0.499825966172848,-0.0131200923062253),(1.66091656260551E-6,0.0262444443762932,
-0.999655555247216),(-0.965925779121926,0.258730100304421,0.00679149645989471),
(-1.83507745590659E-6,0.0262339656352864,-0.999655830295447),(-0.965925534422894,
0.258731010560517,0.00679162161635003),(-1.80315297486873E-6,-0.0262430856000328,
0.999655590918661),(0.,0.0262434928012342,-0.999655580230293),(0.998426810603287,
-0.0560512187726533,-0.00147130644253055),(-0.965925428037453,0.258731408556414,
0.00679159017290326),(1.08715609286829E-6,0.0262447080092895,-0.999655548326685),
(-0.965925202004401,0.258732248047313,0.00679175626337836),(0.,-0.0262393248307656,
0.999655689641395),(0.,-0.0262433778139691,0.999655583248817),(0.998426823186901,
-0.0560509947776765,-0.0014713005628145),(-0.965925771536157,-0.258730127047706,
-0.00679155653419433),(1.05698497708888E-6,-0.0262368024499963,0.999655755846023),
(-0.965925341166739,-0.258731727802902,-0.00679178327413279),(1.81950483072229E-6,
0.0262450044697617,-0.999655540542377),(-0.965925536875095,-0.258731004250955,
-0.00679151322258638),(-1.74047120396741E-6,-0.0262448158837333,0.999655545493646),
(-0.965925514968997,-0.258731084644441,-0.00679156613675233),(0.,0.0262408617456458,
-0.999655649298655),(-0.999999999999647,0.,0.),(0.,0.0262373519080299,-0.999655741425444),
(-0.999999999999974,0.,0.),(0.,-0.0262425333011117,0.999655605418906),(-1.,
0.,0.),(0.,0.0262399887188783,-0.999655672215141),(-0.999999999999928,0.,
0.),(-1.22144448486678E-6,-0.0262421420609731,0.999655615689003),(0.258819377314731,
-0.025347146619673,0.965593108967051),(-2.87620723495657E-6,0.999655693984915,
0.0262391591951008),(0.258820076595144,0.0253459148515116,-0.965592953863906),
(-2.75321926096602E-6,0.999655613978389,0.0262422071082197),(0.,0.0262400299516882,
-0.999655671132883),(2.74509381407339E-6,-0.999655429898222,-0.0262492184162871),
(0.,-0.0262400291448784,0.999655671154061),(-7.48610688685159E-5,0.999678226258536,
0.0253660864227594),(0.,-0.0262400291448784,0.999655671154061),(0.,-0.999655613838709,
-0.0262422125605837),(0.,0.0262412998349457,-0.999655637798823),(-6.10574453234147E-6,
-0.999655892305506,-0.0262316019640823),(0.,-0.0262413006418308,0.999655637777642),
(0.,0.999655643549085,0.0262410807745643),(0.,-0.0262413006418308,0.999655637777642),
(1.03221862850102E-5,-0.999656572255147,-0.026205675731449),(0.,0.0262400299516882,
-0.999655671132883),(2.14072774745385E-6,0.999655692793319,0.0262392046626006),
(0.,0.0262412998349457,-0.999655637798823),(-8.66708063519292E-5,0.999626998944337,
0.0273103546243968),(-0.258819905415406,0.0253459160550921,-0.965592999715765),
(0.,-0.999655728868034,-0.0262378303405329),(-0.25881881322491,-0.0253459239728356,
0.965593292260677),(0.000140640589834633,0.999672050667978,0.0256080325972898),
(-0.258818979953228,-0.0253459233414186,0.965593247587172),(0.,-0.999655640995059,
-0.0262411780719141),(0.,-0.999655721887564,-0.0262380962989589),(0.834543601375741,
0.0132720932369639,-0.550782015813804),(0.999986034799513,-0.00137681570315689,
-0.00510240967262683),(-0.258819384466873,0.0253471473487575,-0.965593107030839),
(3.19594432761768E-6,-0.999655441469696,-0.0262487776822741),(0.,-0.999655669151605,
-0.0262401054158261),(0.99998575811766,-0.00181580413281905,0.00501860709757741),
(0.81061667110503,-0.0203606125333556,0.585223083946511),(-0.258819387120727,
-0.0253471470915458,0.965593106326247),(0.,0.999655645849318,0.0262409931436858),
(-0.258819515316334,-0.0253471456493432,0.965593072002305),(-3.24878697532391E-6,
-0.999655368095028,-0.0262515719193922),(-0.258820086400649,0.0253459142418692,
-0.965592951251615),(-1.30691521222376E-6,0.99965563967509,0.0262412283264148),
(-0.258819498360378,0.0253471470887398,-0.965593076509429),(0.000170400362037455,
0.999634752131481,0.0270246793644191),(-0.499996149498915,0.0227245903454321,
-0.865729428562926),(1.32764808544399E-6,-0.999655572493646,-0.0262437874674803),
(-0.5000097618055,-0.0227243844675721,0.865721572129156),(0.000280630150575058,
0.999668809890667,0.0257330872321081),(-0.499998865674528,-0.0227255097758643,
0.865727835713749),(0.,-0.99965557289013,-0.0262437723884389),(-0.499997362008045,
0.022725672774266,-0.865728699871936),(-2.17321815168271E-6,-0.999655748994729,
-0.0262370634230141),(-0.500002889876039,-0.0227255886787721,0.865725509462909),
(0.,0.999655639197727,0.0262412465298026),(-0.500002649638742,-0.0227255997132747,
0.865725647923122),(1.98125977228947E-6,-0.999655778986544,-0.0262359206981592),
(-0.499996032543954,0.0227245995117438,-0.865729495868852),(2.1506450983127E-6,
0.999655680546121,0.0262396712488133),(-0.500002763379302,0.0227250997411715,
-0.865725595356182),(0.000348976239500592,0.999638985437182,0.0268659079449441),
(-0.707112482214785,0.0185543591320159,-0.70685760465121),(0.,-0.999655681837506,
-0.0262396221348088),(-0.707104921787586,-0.0185553751491896,0.706865141053684),
(0.000426575195053829,0.999666192500068,0.0258325687073579),(-0.707102606019978,
-0.0185556610639649,0.706867450093888),(1.01670169521145E-6,-0.999655649356209,
-0.0262408595358876),(-0.707104206101858,0.0185550483170972,-0.706865865560795),
(1.67664724362806E-6,-0.999655586157012,-0.0262432669892561),(-0.707105322759455,
-0.0185554455132437,0.706864738098494),(-1.06132903411103E-6,0.999655655364369,
0.0262406306499796),(-0.707108591399913,-0.0185549885029346,0.706861480327007),
(0.,-0.999655677587985,-0.0262397840304468),(-0.707105877720943,0.0185552700472551,
-0.706864187553711),(-6.13546227168596E-6,0.999655620921749,0.0262419420376743),
(-0.707105414638225,0.0185549089079986,-0.706864660274313),(0.000529309334018899,
0.999642166154117,0.0267443354438587),(0.222520800130244,-0.97459220053234,
-0.0255839045285804),(-2.0134814699994E-5,-0.0261440414152711,0.999658185928103),
(7.33200970916555E-6,-0.0262643400205757,0.999655032693541),(0.433886003968531,
-0.900657525305687,-0.0236422856436366),(0.222517626158111,-0.974592942400671,
-0.0255832498280006),(-1.3821435294919E-5,0.0262932684435347,-0.999654272157892),
(-8.46367607778012E-6,0.026269802243544,-0.999654889158479),(0.43388271818341,
-0.90065912382423,-0.0236416905898242),(0.222520819090523,-0.974592195024422,
-0.0255839494363672),(-3.21299611916827E-6,-0.0262181552787228,0.999656245078005),
(2.46687558790032E-6,-0.0262430318402157,0.999655592328552),(0.433886001300938,
-0.900657525130479,-0.0236423412741554),(0.222517450211943,-0.974592980851069,
-0.025583315402866),(-1.1835217758976E-6,0.0262571633866895,-0.999655221248548),
(4.17409406418159E-6,0.0262336978025147,-0.999655837317116),(0.433882909251226,
-0.900659030846321,-0.0236417261353349),(-0.866025993544802,0.0131205168984905,
-0.499826800543004),(0.,-0.999655695908841,-0.0262390860442153),(-0.866024351150415,
-0.0131208009308128,0.49982963877449),(0.00062341485765456,0.999663524119125,
0.0259316389695315),(-0.866029224852191,-0.0131198400022596,0.499821219537774),
(2.19151944782254E-6,-0.999655690226218,-0.0262393024591009),(-0.866026589465862,
0.0131202242877593,-0.49982577569866),(0.,-0.999655611364087,-0.0262423068382354),
(-0.866024382778442,-0.0131204365890605,0.499829593538569),(-4.00936050146241E-6,
0.999655671631402,0.026240010653487),(-0.866026886577378,-0.0131199484887951,
0.499825268145524),(-1.5617800299637E-6,-0.999655604372183,-0.0262425731368981),
(-0.866024122972869,0.0131208727747288,-0.499830032237662),(1.28466237493471E-6,
0.999655656742618,0.0262405781345334),(-0.866025625087442,0.0131204108659391,
-0.499827441734259),(0.00076997990365389,0.999645209108826,0.02662448190517),
(-0.965924697955521,0.00679199447921668,-0.258734123552597),(1.10480303645697E-6,
-0.999655638333417,-0.0262412794464621),(-0.965925714514918,-0.0067914294324398,
0.258730343263231),(0.000972356330188835,0.999659721619683,0.0260671343731085),
(-0.965925742443632,-0.00679142871552843,0.258730239014925),(0.,-0.999655622134323,
-0.0262418965572857),(-0.96592603464009,0.00679163451344036,-0.25872914274412),
(0.,-0.999655628575429,-0.0262416511942947),(-0.965925994821027,-0.00679140379160176,
0.258729297458847),(6.464054829829E-6,0.999655624802472,0.026241794126836),
(-0.965925763940636,-0.00679150398409755,0.258730156783729),(1.54234218429872E-6,
-0.999655686627219,-0.0262394396183246),(-0.965926297451091,0.00679137109231879,
-0.258728168491783),(-5.25590418243207E-6,0.999655630311086,0.0262415845505144),
(-0.96592657825397,0.00679142751027317,-0.258727118669363),(0.0012145187892779,
0.999649279064493,0.026454561231488),(-0.999999999998189,0.,1.90269581181202E-6),
(0.,-0.999655617572544,-0.0262420703356209),(-0.999999999997756,0.,2.11786823037614E-6),
(0.000929663620420911,0.999658950968797,0.0260982274018284),(-0.99999999999926,
0.,1.21136548345724E-6),(1.31807223067158E-6,-0.999655666650854,-0.0262402006680567),
(-0.999999999999636,0.,0.),(0.00115793692009244,0.999650315929829,0.026417892487519),
(0.259784721901642,0.965285421685108,0.0271284527514962),(3.54354942247033E-5,
-0.0261619003175703,0.999657718279662),(2.85968291113643E-5,-0.0261872477566315,
0.999657054812876),(0.497996419984126,0.866855699161015,0.0236804247229883),
(-6.70271353401351E-6,-0.0262728527079363,0.999654809004419),(0.706686223452571,
0.707283450670847,0.0185661517143938),(5.06949838929239E-5,-0.0261762805143541,
0.999657341176692),(0.866631646498928,0.498775664841417,0.0131310871050274),
(-7.49078595075042E-6,-0.0262480225441904,0.999655461274737),(0.965684261003134,
0.259629467739902,0.00681524261680705),(0.263712942091156,0.964311888452404,
0.0236234197986791),(0.000102152882640408,0.0265728008534975,-0.99964687556136),
(1.23548425639321E-5,0.0262409866124256,-0.999655645944624),(0.501371319515787,
0.864975894716284,0.0210594759374884),(2.68004994240221E-5,0.0262701654109999,
-0.999654879291354),(0.707312061088637,0.706692819752365,0.0171728491810626),
(3.07945986709444E-5,0.0262783100568709,-0.99965466510803),(0.86584556799933,
0.500155278170953,0.0124960031071541),(1.37318282559788E-5,0.0262562207523705,
-0.99965524591393),(0.965726573307463,0.259472145393802,0.00681112124117262),
(0.409440347348029,0.911988288926643,0.0252183033564617),(0.0359231143258709,
-0.02594521218951,0.999017705459504),(0.413372761870677,0.910278380110604,
0.0227207052404547),(0.0356830232225164,0.0264949790772815,-0.9990118807789),
(0.648850722013743,0.760676771251662,0.0190680418604501),(0.536912786389974,
0.0246473649022577,-0.843277633531407),(0.116909763139884,0.0280405347920495,
-0.992746612027033),(0.648976521369348,0.760531899794596,0.0205110727696569),
(0.231399465803895,-0.0229689575491091,0.972587638320979),(0.711008481054842,
0.702895163342273,0.0201327896260302),(0.18297009099814,0.0236887031414848,
-0.982833043371867),(0.573193009377011,0.0206362879784557,-0.819160495641602),
(2.89586162480291E-6,-0.999655374350613,-0.0262513337479976),(-6.71758300536003E-6,
-0.999655983342381,-0.0262281322753061),(0.5753229634876,0.0203957213165299,
-0.817672001621569),(0.831796297133043,0.0129306490668344,-0.5549303725608),
(0.281157228548124,-0.0261578381546551,0.959305154962806),(-6.72973922993928E-6,
-0.999655362430056,-0.0262517869781002),(-3.38799345746391E-6,-0.999655628809808,
-0.0262416420482376),(0.805921091794206,-0.0212504967704745,0.591641454081983),
(0.433656411615871,-0.0263597283315149,0.900692667554663),(0.835243743646445,
0.54965433966968,0.0157478754681078),(0.538373639966693,-0.0178411114961499,
0.84251736986818),(0.861568096048029,-0.00987924439877735,0.507545876155332),
(0.538160619504227,0.0245120419673339,-0.842485790629977),(0.835894550346089,
0.548748308949563,0.0124737374794125),(0.866399679764977,0.0174127109583354,
-0.499047485115622),(0.962024982759765,0.272897474240572,0.00590771522582848),
(0.872145277325822,-0.00747417205419673,0.489189893589769),(0.97939604168146,
0.201753626596039,0.0088807485064057),(0.962195451383606,0.272231882425489,
0.00834958249097165),(0.871771670468544,0.0181482753423631,-0.489576137766724),
(0.979564560306202,0.2011235577046,0.00160833092411007),(-0.238635319970807,
-0.103693978915465,-0.965557218811557),(0.,-0.233389681992884,-0.972383286743853),
(-0.107255501925507,-0.265326998531415,-0.958174222757541),(0.682070622015665,
-0.151641480872288,-0.715391171221747),(0.508405715886283,-0.0361958709108422,
-0.860356604544396),(0.844601665529269,-0.0785757419239019,-0.529597846829359),
(0.128905314369029,-0.214075336487852,-0.968274325919589),(0.445508291407204,
-0.294055470352156,-0.845608504358492),(0.165924565730134,-0.428955699527269,
-0.887956106083143),(0.,-0.233389748092729,-0.972383270878933),(0.000292989388293708,
-0.233569502935197,-0.97234006471801),(0.238634232709116,-0.15422969087181,
0.958784076543263),(0.,-0.284075500429665,0.958801913877499),(0.107247331914041,
-0.315223301051425,0.942938110520283),(0.452148867833647,-0.18892390273876,
0.871704743758291),(-0.452146441327565,-0.142922444685963,-0.88041852002318),
(-0.454465115966124,-0.18416210125793,0.871519236064334),(-0.705080843275426,
-0.057660934362181,0.706778763896097),(-0.105749907881117,-0.325795473868183,
0.939507459358435),(0.,-0.28407556557726,0.958801894575704),(0.000196170761160406,
-0.283946807841659,0.958840013679845),(-0.315856893621991,-0.468712934135265,
0.8249500640195),(-0.877161674992554,-0.179652812615697,0.445322650270034),
(0.958087216211099,-0.101235701747285,-0.267992945475438),(0.68831658972531,
-0.396020899770315,-0.607772752971067),(0.484632845156195,-0.501883992011231,
-0.71641012273605),(0.852777957672555,-0.27086614546231,-0.446543711354461),
(1.74452081775286E-6,-0.4804249203415,-0.877035857825562),(0.,-0.477099610017633,
-0.878849226045641),(-0.0585360359290224,-0.485849360082267,-0.872080232435851),
(-0.316284684042425,-0.423404229574137,-0.848936309165131),(0.000905220675890269,
-0.477279420410436,-0.878751122575787),(0.252164716967589,-0.584045734487514,
-0.771559158810001),(0.00059491261197975,-0.688024023310618,-0.725687666580089),
(0.0387156904593572,-0.689598924079421,-0.723155874774423),(0.,-0.477099610017633,
-0.878849226045641),(0.708048786912472,-0.0575827667113244,0.703811864300146),
(0.876052732759056,-0.173100195308076,0.450075473459392),(0.316283881999793,
-0.467359957908004,0.825553859982115),(0.604086263662308,-0.271926783425854,
0.749089854763887),(-1.57021451327361E-6,-0.525782225993769,0.850619216116454),
(0.0585410251595739,-0.530936893355822,0.845386872175653),(0.,-0.522558245267359,
0.85260358919201),(-1.96026151688678E-6,-0.972384657063593,0.233383972679093),
(-0.101974182167849,-0.965786189152861,0.238449791387604),(-0.258817408418591,
-0.965593603126712,-0.0253484259917105),(-0.265336284472153,-0.960594095991787,
0.0827987855480631),(-0.258814577258026,-0.965594404783024,-0.0253467956646914),
(-0.258903906061256,-0.96557412147263,-0.0252068119480291),(0.258819135269705,
-0.965593226457492,-0.0253451422890546),(0.263720598714806,-0.961541479794356,
0.0767426116859804),(0.108018038092806,-0.964722339003458,0.240089383510139),
(0.,-0.972384661260066,0.233383955202894),(0.000154410473235622,-0.972362598701984,
0.233475807746607),(0.959196239235257,-0.260958168610158,-0.108827427023578),
(0.965925688178713,-0.258730393843047,-0.00679324799354707),(0.854969160516586,
-0.427079008077316,-0.294331879729769),(0.947739406366908,-0.303690635175059,
0.0977855599067214),(0.836965515372269,-0.455038209016164,0.304021305853709),
(0.965925616772689,-0.258730702589168,-0.00679164192335713),(0.965957117419137,
-0.258608399269819,-0.0069672903207441),(0.760139338846586,-0.264904497078939,
0.59330750287286),(0.702367307412233,-0.494965858835186,0.511555435965681),
(0.866756566281421,-0.498551260785678,-0.0134050429709377),(0.866024799700464,
-0.499828871606909,-0.0131204196554793),(0.848068705728343,-0.520846747336462,
-0.0974583816471458),(0.865964270615742,-0.499928701891204,-0.0133107115633388),
(0.857163001520675,-0.512945478244991,0.0464599308230751),(0.866025280275449,
-0.499828037570953,-0.0131204718588811),(0.595108821321686,-0.700376150003984,
0.394104985112736),(0.712585217861842,-0.688213138363164,0.136326752580391),
(0.258821892926629,-0.965592445237121,-0.025346744226311),(0.258701093488227,
-0.965629470498149,-0.0251688286072343),(2.92233092131719E-6,-0.958802224473819,
-0.284074452099298),(0.121251815181971,-0.956511212360802,-0.265300391901607),
(0.301040562867408,-0.94463058980636,-0.130566566587934),(0.707217978970386,
-0.706745361278073,-0.0188075658437827),(0.68440007660529,-0.708287931900137,
-0.172987689351871),(0.707108060070086,-0.706862009007676,-0.0185550964845621),
(0.689791672607745,-0.584085419565745,-0.427822008610727),(0.520504309039279,
-0.502902311553737,0.690046758781932),(0.411828105826515,-0.70374814333361,
0.578909459247163),(0.706993925426009,-0.706982751806392,-0.0183024058250587),
(0.70710755798864,-0.706862511738842,-0.0185550783775831),(0.434654542711153,
-0.862101363159888,0.26049312493504),(0.523224603657419,-0.849974890104137,
0.0614711340386435),(0.498732092115594,-0.866466016549184,-0.0224263786508911),
(0.282484950209573,-0.864013076614399,0.416753711854395),(0.481376615467707,
-0.688369975568376,-0.542607897857051),(0.170229275965705,-0.700553882758712,
0.692998016559849),(0.249251083582751,-0.744136045126524,-0.619786611404507),
(-5.336110367887E-5,-0.688153119862705,-0.725565490342407),(-0.170220267109686,
-0.663231718837711,-0.728799525104595),(0.,-0.688306488749896,-0.725420000789053),
(-0.60408655166501,-0.232248929658162,-0.762325306394925),(-0.708047596323411,
-0.0205786858861689,-0.705864802230454),(-0.520509367815245,-0.466005008692518,
-0.715478392329258),(0.,-0.688306488749896,-0.725420000789053),(0.000209691138567435,
-0.854505029051603,-0.519443078070298),(0.160981802956194,-0.863844349064834,
-0.477344529355608),(0.,-0.852607311109989,-0.522552172554851),(0.000206973975280149,
-0.522672489011438,0.852533533881431),(-0.0599262547511034,-0.533846170680951,
0.843455458243523),(0.,-0.522558245267359,0.85260358919201),(-0.600055814977936,
-0.269109835801465,0.753334530727268),(-0.524365866127033,-0.499635125460322,
0.689496323302087),(-0.755963428318895,-0.267939009835564,0.597267094399717),
(-0.412345312592209,-0.705172267225438,0.576804487429986),(-0.154334084482956,
-0.702873852477993,0.694369741470315),(5.3490132857778E-5,-0.725271974592411,
0.688462460857258),(0.,-0.725417514581592,0.688309109004279),(0.500000030279835,
-0.865727171045803,-0.0227252070000471),(0.,-0.878845781245074,0.477105955514847),
(-0.00035059288423313,-0.879535117907433,0.475833850679191),(0.,-0.878845781245074,
0.477105955514847),(1.09803779006922E-5,-0.878935378954883,0.476940876315784),
(0.0920803294637323,-0.858153831604122,0.505067534324881),(0.499999787946838,
-0.865727309163956,-0.0227252771348069),(0.,-0.958802239762584,-0.284074400512),
(-0.263719744558911,-0.956190095129518,-0.127092085929795),(-0.000154348999410035,
-0.958775400148365,-0.28416493141612),(-0.108017923107723,-0.950797163237315,
-0.290373694861239),(0.446884605936856,-0.828398688542911,-0.337712543144381),
(0.50010499770319,-0.865671481641035,-0.0225361297854643),(0.511545486451523,
-0.855298060093324,-0.0823798743120623),(-0.283023529554759,-0.866080166503708,
0.412071385693395),(-0.0837421251026713,-0.861488398150407,0.500824316837287),
(-0.500000149777568,-0.865727099962425,-0.022725285764085),(-0.498731329935721,
-0.866449760809307,-0.0230623618487412),(-0.500000471919366,-0.865726916240236,
-0.0227251969756816),(-0.49985344866557,-0.865811994971278,-0.0227182574374156),
(-0.439277027455576,-0.859901053804853,0.260011289783916),(-0.527421009042451,
-0.846730736449204,0.0698150354352935),(-0.000282967101916588,-0.725537941158428,
0.688182109524222),(0.,-0.725417514581592,0.688309109004279),(0.,-0.852607311109989,
-0.522552172554851),(-0.434657416764198,-0.847247163613324,-0.305360727339079),
(-0.523222250741295,-0.845580973743668,-0.105977795655148),(-1.08712699587755E-5,
-0.852705440074352,-0.522392029370109),(-0.0920819668344041,-0.830477418121133,
-0.549388905398321),(-0.282489230455851,-0.84096203397378,-0.461500478971739),
(-0.706992756780904,-0.706970501090423,-0.0188136239808583),(-0.707106771070481,
-0.706863299706231,-0.0185550487656637),(-0.712583577946892,-0.680115621018349,
-0.172242232008389),(-0.707106261986389,-0.706863808193583,-0.0185550781648123),
(-0.707240041466483,-0.706731289482709,-0.0185042755220165),(-0.59717652660284,
-0.698882488976074,0.393628584679995),(-0.713621050180716,-0.685069700193401,
0.14637111264145),(-0.595111168090247,-0.678737221477846,-0.430300455257482),
(-0.411829767857496,-0.672407670641208,-0.615031842077551),(-0.962213272063394,
-0.141100807344168,0.232886627421759),(-0.841246435331332,-0.443159027707375,
0.309700680018273),(-0.892233959093476,-0.439479132895096,0.103810664144667),
(-0.70300212852141,-0.498113192186256,0.50761329283657),(-0.876050677708614,
-0.149243894516062,-0.458542767946412),(-0.760140505358146,-0.233415851822721,
-0.606385564003412),(-0.968036718902978,-0.245831096171965,0.049719040723315),
(-0.865971338591131,-0.499926028161178,-0.0129463162974565),(-0.83696453908465,
-0.438460122902063,-0.327479893946982),(-0.947739112366147,-0.298144330322138,
-0.113580514121885),(-0.702370757413607,-0.46744838946597,-0.536812185327333),
(-0.965925826808449,-0.258729917791221,-0.00679166725933244),(-0.965957530130287,
-0.258616241185211,-0.00660982449307842),(-0.965925896027938,-0.258729660709278,
-0.00679161629422093),(-0.857165552115064,-0.509797410793452,-0.0733063177057143),
(-0.865964474630454,-0.499938192459873,-0.0129357024531731),(-0.866025519566893,
-0.49982762429797,-0.0131204210122794),(-0.866025066124772,-0.499828409703583,
-0.013120430510141)),$,(5,5,5,2,2,1,1,17,17,7,7,190,190,194,194,170,170,
166,166,172,172,178,178,182,182,186,186,183,183,18,18,179,179,171,171,167,
167,173,173,4,4,3,3,6,6,6,19,19,184,184,180,180,168,168,174,174,176,176,
8,8,193,193,20,20,197,197,175,175,169,169,177,177,181,181,185,185,189,189,
9,9,11,11,11,66,66,70,70,78,78,86,86,98,98,106,106,114,114,122,122,360,
360,191,191,199,199,205,205,215,215,10,10,12,12,12,67,67,73,73,81,81,89,
89,101,101,109,109,117,117,125,125,363,363,192,192,200,200,206,206,216,
216,15,56,56,13,13,1085,1085,198,198,204,204,214,214,222,222,866,866,16,
14,14,57,57,1031,1031,201,201,207,207,217,217,225,225,1086,1086,23,23,23,
24,24,24,25,25,25,42,42,115,115,71,71,79,79,87,87,99,99,107,107,26,26,26,
43,43,116,116,72,72,80,80,88,88,100,100,108,108,21,21,22,22,29,29,208,208,
27,27,187,187,28,28,188,188,30,30,209,209,33,33,31,32,32,34,34,35,35,36,
36,37,37,38,38,210,210,39,39,40,40,41,41,213,213,45,45,44,44,47,47,46,46,
50,50,51,51,52,52,53,53,55,55,361,361,123,123,54,54,362,362,124,124,300,
300,48,48,49,49,58,58,94,94,59,59,95,95,60,60,96,96,61,61,97,97,69,69,76,
76,84,84,92,92,104,104,112,112,120,120,128,128,304,304,365,365,68,68,75,
75,83,83,91,91,103,103,111,111,119,119,127,127,303,303,364,364,74,74,82,
82,90,90,102,102,110,110,118,118,126,126,134,134,294,294,302,302,310,310,
318,318,1030,1030,77,77,85,85,93,93,105,105,113,113,121,121,129,129,137,
137,297,297,305,305,313,313,321,321,773,773,62,62,63,63,64,64,65,65,358,
358,218,218,990,990,464,464,494,494,577,577,195,195,202,202,211,211,359,
359,196,196,203,203,212,212,221,221,865,865,465,465,485,485,503,503,993,
993,130,130,290,290,298,298,135,135,131,131,299,299,132,132,292,292,133,
133,301,301,295,295,136,136,138,138,282,282,143,143,139,139,291,291,140,
140,284,284,145,145,141,141,293,293,142,142,287,287,144,144,296,296,289,
289,146,146,274,274,151,151,147,147,283,283,148,148,276,276,153,153,149,
149,285,285,150,150,286,286,279,279,152,152,288,288,281,281,154,154,266,
266,159,159,155,155,275,275,156,156,268,268,161,161,157,157,277,277,158,
158,278,278,271,271,160,160,280,280,273,273,162,162,262,262,164,164,267,
267,163,163,263,263,165,165,269,269,270,270,264,264,272,272,265,265,219,
219,220,220,223,223,224,224,227,227,226,226,862,862,229,229,228,228,857,
857,230,230,858,858,231,231,232,232,233,233,869,869,235,235,234,234,854,
854,237,237,236,236,849,849,238,238,850,850,239,239,240,240,241,241,861,
861,243,243,242,242,846,846,245,245,244,244,841,841,246,246,842,842,247,
247,248,248,249,249,853,853,251,251,250,250,838,838,255,255,254,254,835,
835,252,252,832,832,253,253,256,256,257,257,845,845,259,259,258,258,830,
830,826,826,261,261,260,260,829,829,837,837,306,306,311,311,307,307,308,
308,309,309,312,312,314,314,319,319,315,315,316,316,317,317,320,320,322,
322,327,327,323,323,324,324,329,329,325,325,326,326,770,770,328,328,765,
765,330,330,411,411,399,399,335,335,331,331,332,332,337,337,333,333,414,
414,406,406,334,334,762,762,336,336,757,757,338,338,343,343,339,339,369,
369,340,340,370,370,345,345,341,341,342,342,754,754,344,344,532,532,553,
553,346,346,351,351,347,347,377,377,348,348,378,378,353,353,349,349,350,
350,746,746,372,372,352,352,373,373,530,530,354,354,356,356,355,355,357,
357,389,389,738,738,379,379,380,380,390,390,368,367,367,430,430,446,446,
374,431,431,375,375,447,447,383,383,366,366,376,376,371,371,391,391,381,
382,382,420,420,384,419,419,392,392,387,387,388,388,400,400,385,386,394,
394,397,397,395,395,396,396,697,697,398,402,402,403,404,404,408,408,405,
405,407,407,693,693,527,527,401,393,409,409,410,410,412,412,416,416,413,
413,415,415,686,686,525,525,523,523,523,529,529,529,676,676,521,521,521,
519,519,519,417,433,421,418,422,432,449,448,467,466,486,578,504,483,592,
592,506,520,520,520,518,518,518,509,524,524,522,522,522,507,526,526,528,
528,531,531,531,555,555,583,554,554,554,556,556,556,557,557,749,749,558,
558,560,560,559,559,559,561,561,561,581,694,694,698,698,741,741,562,562,
687,687,563,563,564,564,565,565,565,566,566,566,677,677,567,567,567,568,
568,568,597,597,598,613,613,615,580,594,612,612,722,722,630,630,614,723,
723,631,631,633,646,646,632,647,647,649,713,713,667,667,648,714,714,666,
666,659,670,670,669,671,671,688,688,705,705,679,679,695,695,664,668,673,
673,672,672,680,674,674,675,675,678,683,683,758,758,682,682,681,690,690,
701,701,708,708,735,735,730,730,734,734,742,742,750,750,684,684,691,691,
685,685,761,761,702,702,709,709,736,736,731,731,737,737,745,745,753,753,
696,696,724,724,689,727,727,692,692,703,704,704,699,712,712,700,711,711,
710,710,732,732,733,733,718,718,706,715,716,716,743,743,720,720,717,717,
744,744,719,719,739,739,740,740,721,707,725,725,751,751,729,729,726,726,
752,752,728,728,747,747,748,748,827,827,831,831,839,839,847,847,855,855,
863,863,871,871,991,991,828,828,834,834,840,840,848,848,856,856,864,864,
872,872,992,992,766,766,774,774,782,782,958,958,833,833,843,843,851,851,
859,859,867,867,875,875,1083,1083,1083,1033,1033,759,759,767,767,775,775,
783,783,1044,1044,1032,1032,760,760,768,768,776,776,784,784,960,960,1045,
1045,769,769,777,777,785,785,961,961,836,836,844,844,852,852,860,860,868,
868,876,876,1084,1084,1084,755,755,763,763,771,771,779,779,787,787,756,
756,764,764,772,772,780,780,788,788,781,781,778,778,789,789,786,786,790,
790,950,950,795,795,791,791,959,959,792,792,952,952,797,797,793,793,794,
794,955,955,963,963,796,796,964,964,798,798,942,942,803,803,799,799,951,
951,800,800,944,944,805,805,801,801,953,953,802,802,954,954,947,947,804,
804,956,956,949,949,957,957,806,806,934,934,811,811,807,807,943,943,808,
808,936,936,813,813,809,809,945,945,810,810,946,946,939,939,812,812,948,
948,941,941,814,814,926,926,819,819,815,815,935,935,816,816,928,928,821,
821,817,817,937,937,818,818,938,938,931,931,820,820,940,940,933,933,822,
822,922,922,824,824,927,927,823,823,923,923,825,825,929,929,930,930,924,
924,932,932,925,925,870,870,873,873,874,874,877,877,879,879,878,878,1057,
1057,1034,1034,1046,1046,881,881,880,880,1060,1060,1037,1037,1049,1049,
882,882,883,883,884,884,885,885,887,887,886,886,1067,1067,889,889,888,888,
1070,1070,890,890,891,891,892,892,893,893,895,895,894,894,1079,1079,897,
897,896,896,1082,1082,898,898,899,899,900,900,901,901,903,903,902,902,1068,
1068,1035,1035,1047,1047,1058,1058,905,905,904,904,1069,1069,1036,1036,
1048,1048,1059,1059,906,906,907,907,908,908,909,909,911,911,910,910,1080,
1080,915,915,914,914,1081,1081,912,912,913,913,916,916,917,917,919,919,
918,918,921,921,920,920,965,965,962,962,966,966,971,971,967,967,968,968,
973,973,969,969,970,970,972,972,974,974,979,979,975,975,1075,1075,1075,
976,976,1076,1076,1076,981,981,977,977,978,978,980,980,982,982,987,987,
983,983,984,984,989,989,985,985,986,986,988,988,994,994,999,999,995,995,
996,996,1001,1001,997,997,998,998,1000,1000,1022,1022,1026,1026,1023,1023,
1027,1027,1024,1024,1028,1028,1025,1025,1029,1029,1002,1002,1007,1007,1003,
1003,1004,1004,1009,1009,1005,1005,1006,1006,1008,1008,1010,1010,1015,1015,
1011,1011,1012,1012,1017,1017,1013,1013,1014,1014,1016,1016,1018,1018,1020,
1020,1019,1019,1021,1021,1038,1038,1042,1042,1055,1055,1065,1065,1071,1071,
1039,1039,1043,1043,1054,1054,1066,1066,1074,1074,1041,1041,1040,1040,1052,
1052,1052,1051,1051,1056,1053,1053,1053,1062,1062,1062,1050,1050,1061,1061,
1061,1063,1063,1063,1064,1064,1064,1073,1078,1078,1072,1077,1077,593,543,
585,459,468,442,498,477,495,533,510,493,538,502,476,611,610,635,586,548,
573,605,655,427,457,474,439,569,544,579,604,511,491,512,505,534,450,429,
481,460,514,508,539,552,588,599,595,600,601,489,490,500,542,517,426,423,
440,428,443,424,425,444,455,434,435,441,437,438,436,461,445,488,487,537,
499,482,451,456,452,458,463,480,454,453,479,462,473,484,475,497,492,570,
591,545,626,634,620,535,513,496,536,574,582,549,627,621,643,607,590,515,
540,472,551,576,541,516,501,471,547,596,572,589,478,470,469,603,584,617,
616,618,619,609,623,575,550,546,608,622,571,587,602,636,637,640,638,639,
625,641,624,606,665,645,657,629,656,642,663,654,644,658,628,662,660,661,
650,651,653,652),((1,4,6),(4,8,6),(6,10,1),(7,12,11),(9,14,7),(7,16,18),
(7,18,20),(22,16,7),(20,24,7),(7,26,22),(7,24,12),(7,14,26),(28,5,3),(30,
8,4),(32,31,5),(34,5,36),(36,5,38),(32,5,34),(38,5,28),(40,42,44),(42,40,
47),(49,45,43),(51,43,48),(53,43,55),(57,43,53),(55,43,51),(49,43,57),(44,
59,40),(61,41,60),(47,40,63),(65,64,41),(67,41,69),(69,41,71),(73,41,67),
(71,41,75),(77,41,73),(75,41,61),(65,41,77),(1,10,79),(1,79,81),(83,84,
2),(2,84,86),(2,86,88),(88,90,2),(2,90,92),(2,92,94),(94,96,2),(2,96,98),
(2,98,100),(28,3,102),(102,3,104),(104,3,106),(106,3,108),(108,3,101),(44,
110,59),(112,110,44),(46,115,113),(46,117,115),(119,117,46),(46,121,119),
(46,123,121),(125,123,46),(46,127,125),(46,129,127),(131,129,46),(133,45,
49),(135,45,133),(137,45,135),(139,45,137),(139,132,45),(10,141,79),(142,
144,11),(145,141,10),(11,146,142),(11,12,148),(11,148,150),(150,152,11),
(11,152,154),(154,156,11),(11,156,146),(59,110,158),(159,161,60),(158,160,
59),(60,161,163),(61,60,165),(165,60,167),(167,60,169),(169,60,171),(171,
60,173),(60,163,173),(82,80,175),(141,176,79),(114,178,111),(158,110,180),
(82,175,181),(184,83,183),(83,184,186),(83,188,84),(190,188,83),(83,192,
190),(83,194,192),(196,194,83),(83,186,196),(198,178,114),(113,201,199),
(113,203,201),(113,115,205),(113,205,207),(207,209,113),(113,209,211),(113,
211,213),(213,203,113),(215,144,142),(141,145,216),(159,217,161),(158,218,
160),(30,219,8),(220,221,9),(9,221,14),(223,219,30),(224,31,225),(225,31,
32),(47,63,227),(229,48,228),(51,48,229),(227,63,231),(233,232,64),(233,
64,65),(235,176,216),(216,176,141),(142,236,215),(158,180,218),(218,180,
237),(161,217,238),(237,239,218),(182,177,240),(235,241,176),(200,242,179),
(237,180,243),(182,240,244),(183,245,184),(246,242,200),(199,201,247),(223,
248,219),(249,250,220),(220,250,221),(252,248,223),(225,253,224),(227,231,
254),(229,228,255),(254,231,256),(257,232,258),(258,232,233),(161,238,260),
(237,261,239),(262,241,235),(142,263,236),(244,240,185),(185,240,264),(262,
265,241),(202,242,246),(266,242,202),(261,243,267),(237,243,261),(252,268,
248),(269,250,249),(270,268,252),(225,271,253),(254,256,272),(255,273,229),
(272,256,274),(258,275,257),(185,264,276),(276,278,185),(186,184,280),(280,
184,279),(282,266,202),(202,284,282),(203,286,201),(286,288,201),(201,288,
285),(290,265,262),(291,263,142),(261,267,292),(260,293,161),(292,267,283),
(290,277,265),(143,277,290),(162,292,283),(270,294,268),(269,295,296),(296,
250,269),(298,294,270),(300,299,271),(300,271,225),(272,274,302),(304,273,
303),(304,229,273),(302,274,306),(308,307,275),(258,308,275),(283,310,162),
(283,312,310),(283,314,312),(316,314,283),(283,318,316),(283,320,318),(322,
320,283),(283,324,322),(283,326,324),(328,326,283),(282,284,329),(143,330,
277),(277,330,332),(277,332,334),(336,277,334),(338,277,336),(340,277,338),
(342,277,340),(344,277,342),(346,277,344),(346,348,277),(349,278,276),(143,
350,330),(143,352,350),(354,352,143),(143,356,354),(143,358,356),(360,358,
143),(143,362,360),(143,364,362),(366,364,143),(368,366,143),(143,370,368),
(143,372,370),(374,372,143),(142,146,375),(162,310,376),(162,376,378),(378,
380,162),(162,380,382),(162,382,384),(384,386,162),(162,386,388),(162,388,
390),(390,392,162),(162,392,394),(162,394,396),(396,398,162),(162,398,400),
(162,400,164),(298,402,294),(296,295,403),(404,402,298),(405,299,300),(302,
306,406),(303,407,304),(406,306,408),(409,307,308),(404,297,402),(301,297,
404),(406,408,305),(305,408,309),(85,331,87),(85,333,331),(189,333,85),
(116,311,206),(116,377,311),(118,377,116),(87,331,351),(206,311,313),(87,
351,89),(189,335,333),(191,335,189),(206,313,208),(118,379,377),(120,379,
118),(89,351,353),(208,313,315),(89,353,91),(191,337,335),(193,337,191),
(208,315,210),(120,381,379),(122,381,120),(91,353,355),(210,315,317),(91,
355,93),(193,339,337),(195,339,193),(210,317,212),(122,383,381),(124,383,
122),(93,355,357),(212,317,319),(297,301,410),(296,412,250),(414,412,296),
(410,416,297),(297,416,418),(297,418,420),(297,420,415),(422,300,225),(424,
300,422),(426,300,424),(426,411,300),(305,309,428),(430,229,304),(304,432,
430),(304,434,432),(429,434,304),(436,308,258),(438,308,436),(309,440,428),
(309,442,440),(309,444,442),(446,444,309),(438,447,308),(93,357,95),(195,
341,339),(197,341,195),(212,319,214),(124,385,383),(126,385,124),(95,357,
359),(214,319,321),(95,359,97),(197,343,341),(187,343,197),(214,321,204),
(126,387,385),(128,387,126),(97,359,361),(204,321,323),(97,361,99),(187,
345,343),(281,345,187),(204,323,287),(128,389,387),(130,389,128),(99,361,
363),(287,323,325),(99,363,448),(449,450,98),(98,450,452),(100,98,452),
(281,454,345),(456,454,281),(280,458,457),(280,279,458),(287,325,460),(461,
462,286),(286,462,288),(130,391,389),(464,391,130),(466,465,129),(466,129,
131),(448,363,365),(468,344,455),(346,344,468),(460,325,470),(326,471,324),
(448,365,472),(473,474,449),(449,474,450),(456,476,454),(478,476,456),(457,
480,479),(457,458,480),(460,470,482),(483,484,461),(461,484,462),(464,486,
391),(488,486,464),(490,489,465),(490,465,466),(472,365,492),(366,493,364),
(494,455,477),(468,455,494),(482,470,496),(498,497,471),(498,471,326),(487,
500,390),(390,500,392),(472,492,502),(503,504,473),(473,504,474),(478,506,
476),(508,506,478),(479,510,509),(479,480,510),(482,496,512),(513,514,483),
(483,514,484),(488,516,486),(518,516,488),(520,519,489),(520,489,490),(502,
492,522),(524,523,493),(524,493,366),(526,477,507),(494,477,526),(512,496,
528),(530,529,497),(530,497,498),(517,532,487),(487,532,500),(502,522,534),
(535,536,503),(503,536,504),(508,538,506),(540,538,508),(509,542,541),(509,
510,542),(512,528,544),(545,546,513),(513,546,514),(518,548,516),(550,548,
518),(552,551,519),(552,519,520),(534,522,554),(556,555,523),(556,523,524),
(558,507,539),(526,507,558),(544,528,560),(562,561,529),(562,529,530),(549,
564,517),(517,564,532),(534,554,566),(567,568,535),(535,568,536),(540,570,
538),(566,570,540),(541,572,567),(541,542,572),(544,560,574),(575,576,545),
(545,576,546),(550,578,548),(574,578,550),(551,580,575),(580,551,552),(566,
554,570),(582,571,555),(582,555,556),(584,539,571),(558,539,584),(574,560,
578),(586,579,561),(586,561,562),(588,549,579),(564,549,588),(567,572,568),
(575,580,576),(584,571,582),(588,579,586),(19,35,37),(19,37,21),(17,35,
19),(21,37,39),(54,68,70),(54,70,58),(56,68,54),(58,70,72),(17,33,35),(23,
33,17),(21,39,25),(25,39,29),(56,74,68),(52,74,56),(58,72,50),(50,72,76),
(23,226,33),(27,226,23),(52,78,74),(230,78,52),(25,29,13),(13,29,103),(50,
76,134),(134,76,62),(27,423,226),(15,423,27),(230,66,78),(431,66,230),(13,
103,149),(149,103,105),(134,62,136),(136,62,166),(15,425,423),(222,425,
15),(431,234,66),(433,234,431),(149,105,151),(151,105,107),(136,166,138),
(138,166,168),(222,427,425),(251,427,222),(433,259,234),(435,259,433),(151,
107,153),(153,107,109),(138,168,140),(140,168,170),(251,590,427),(413,590,
251),(591,411,426),(435,437,259),(592,437,435),(593,434,429),(153,109,155),
(155,109,594),(108,101,595),(140,170,596),(597,132,139),(596,170,172),(413,
598,590),(600,598,413),(602,601,412),(602,412,414),(599,411,591),(592,604,
437),(606,604,592),(429,607,593),(608,436,605),(438,436,608),(155,594,610),
(611,612,154),(154,612,156),(610,594,614),(595,101,615),(596,172,616),(597,
617,132),(616,172,618),(620,619,171),(171,173,620),(600,622,598),(624,622,
600),(601,626,625),(626,601,602),(623,411,599),(606,628,604),(630,628,606),
(429,631,607),(632,605,629),(608,605,632),(610,614,634),(635,636,611),(611,
636,612),(634,614,638),(615,101,639),(616,618,640),(132,617,641),(640,618,
642),(644,643,619),(644,619,620),(624,646,622),(648,646,624),(625,650,649),
(625,626,650),(647,411,623),(630,652,628),(654,652,630),(655,631,429),(656,
629,653),(632,629,656),(634,638,658),(659,660,635),(635,660,636),(658,638,
662),(639,101,663),(640,642,664),(132,641,665),(664,642,666),(668,667,643),
(668,643,644),(648,670,646),(672,670,648),(649,674,673),(649,650,674),(671,
411,647),(654,676,652),(678,676,654),(429,679,655),(680,653,677),(656,653,
680),(658,662,682),(683,684,659),(659,684,660),(682,662,686),(663,101,687),
(664,666,688),(665,689,132),(688,666,690),(692,691,667),(692,667,668),(672,
694,670),(696,694,672),(673,698,697),(673,674,698),(695,411,671),(682,686,
696),(697,700,683),(683,700,684),(696,686,694),(687,101,695),(678,702,676),
(704,702,678),(429,705,679),(706,677,703),(680,677,706),(688,690,704),(132,
689,705),(704,690,702),(708,703,691),(708,691,692),(697,698,700),(695,101,
411),(132,705,429),(706,703,708),(569,585,537),(569,559,585),(573,559,569),
(577,589,547),(577,565,589),(581,565,577),(537,585,583),(547,589,587),(537,
583,505),(573,527,559),(543,527,573),(547,587,515),(581,533,565),(553,533,
581),(505,583,557),(515,587,563),(505,557,475),(543,495,527),(511,495,543),
(515,563,485),(553,501,533),(521,501,553),(475,557,525),(485,563,531),(475,
525,451),(511,469,495),(481,469,511),(485,531,463),(521,393,501),(491,393,
521),(451,525,367),(463,531,499),(451,367,453),(481,347,469),(459,347,481),
(463,499,289),(491,395,393),(467,395,491),(453,367,369),(289,499,327),(453,
369,710),(100,452,711),(459,712,347),(714,712,459),(458,279,715),(289,327,
716),(285,288,717),(467,397,395),(718,397,467),(131,719,466),(710,369,371),
(713,348,346),(716,327,720),(328,721,326),(710,371,722),(711,723,100),(714,
724,712),(726,724,714),(715,279,727),(716,720,728),(285,717,729),(718,399,
397),(730,399,718),(131,731,719),(722,371,373),(725,348,713),(728,720,732),
(328,733,721),(722,373,734),(100,723,735),(726,736,724),(738,736,726),(727,
279,739),(728,732,740),(729,741,285),(730,742,399),(744,742,730),(745,731,
131),(734,373,746),(372,748,747),(374,748,372),(737,348,725),(740,732,750),
(751,733,328),(752,398,743),(400,398,752),(734,746,754),(756,735,755),(735,
758,100),(758,735,756),(738,760,736),(762,760,738),(739,279,763),(740,750,
764),(285,741,765),(744,766,742),(768,766,744),(770,769,745),(772,745,131),
(770,745,772),(754,746,774),(747,776,775),(747,748,776),(761,348,737),(764,
750,778),(328,779,751),(780,743,767),(752,743,780),(754,774,782),(756,755,
783),(762,784,760),(786,784,762),(763,788,787),(763,279,788),(764,778,790),
(792,765,791),(285,765,792),(768,794,766),(796,794,768),(797,769,770),(782,
774,798),(775,800,799),(775,776,800),(785,348,761),(790,778,802),(328,803,
779),(795,804,767),(767,804,806),(767,806,780),(782,798,808),(809,756,783),
(786,810,784),(812,810,786),(787,814,813),(787,788,814),(790,802,816),(818,
791,817),(792,791,818),(796,820,794),(822,820,796),(770,823,797),(808,798,
824),(799,826,825),(799,800,826),(811,828,785),(785,828,348),(816,802,830),
(803,832,831),(832,803,328),(821,834,795),(795,834,804),(808,824,836),(837,
756,809),(812,838,810),(836,838,812),(813,756,837),(813,814,756),(816,830,
840),(817,841,770),(818,817,770),(822,842,820),(840,842,822),(770,841,823),
(836,824,838),(825,844,839),(846,844,825),(825,826,846),(839,848,811),(811,
848,828),(840,830,842),(831,850,843),(831,832,850),(843,852,821),(821,852,
834),(839,844,848),(843,850,852),(101,854,411),(855,857,410),(411,854,856),
(410,857,859),(410,859,416),(429,861,132),(428,862,864),(865,861,429),(428,
866,862),(428,440,866),(100,868,870),(101,871,854),(100,758,868),(349,789,
278),(329,284,833),(833,284,793),(872,131,874),(132,861,875),(876,131,872),
(772,131,876),(829,789,349),(869,878,871),(878,854,871),(879,881,855),(856,
854,880),(855,881,857),(829,815,789),(833,793,851),(851,793,819),(875,861,
873),(849,815,829),(865,873,861),(865,883,873),(864,884,886),(887,883,865),
(864,862,884),(877,873,883),(849,888,815),(814,889,756),(851,819,853),(853,
819,890),(891,818,770),(845,888,849),(892,881,879),(880,894,893),(880,854,
878),(880,878,894),(869,759,895),(869,895,878),(845,896,888),(756,889,897),
(853,890,898),(898,890,900),(770,901,891),(902,896,845),(844,904,903),(846,
904,844),(852,899,834),(877,906,773),(877,883,906),(886,884,907),(908,909,
887),(887,909,906),(887,906,883),(902,910,896),(756,897,911),(898,900,912),
(912,900,914),(770,915,901),(916,910,902),(903,918,917),(903,904,918),(920,
899,913),(834,899,920),(757,922,759),(923,895,759),(922,923,759),(924,881,
892),(893,922,925),(893,923,922),(893,894,923),(907,884,926),(927,909,908),
(916,928,910),(911,929,756),(912,914,930),(932,915,770),(930,914,933),(771,
773,909),(906,909,773),(934,928,916),(917,936,935),(917,918,936),(938,913,
931),(920,913,938),(933,927,925),(926,884,924),(928,925,757),(925,922,757),
(933,925,928),(924,884,881),(771,927,933),(771,909,927),(928,930,933),(934,
930,928),(940,931,935),(940,935,943),(935,946,943),(935,936,946),(948,931,
951),(951,931,940),(938,931,948),(882,885,954),(955,885,863),(956,885,955),
(954,885,957),(957,885,956),(958,858,882),(882,954,958),(959,860,858),(959,
858,958),(960,863,867),(955,863,960),(961,417,860),(961,860,959),(962,867,
441),(960,867,962),(963,419,417),(963,417,961),(964,441,443),(962,441,964),
(964,443,445),(419,965,421),(966,965,419),(967,419,963),(966,419,967),(968,
444,446),(445,969,970),(445,970,964),(971,974,953),(953,974,949),(977,975,
973),(950,976,978),(977,979,975),(952,980,972),(942,980,952),(983,973,982),
(977,973,983),(950,978,939),(941,984,981),(982,985,983),(939,978,921),(921,
978,986),(987,979,977),(945,984,941),(945,988,984),(983,985,990),(921,986,
835),(835,986,805),(991,805,986),(993,992,987),(993,987,977),(994,989,944),
(943,946,995),(997,989,994),(990,999,983),(807,805,991),(807,991,1000),
(1002,806,1001),(780,806,1002),(1000,991,1004),(1004,991,1006),(1007,992,
993),(996,1008,998),(1011,1008,996),(995,946,1012),(1014,999,1010),(983,
999,1014),(1005,1015,1001),(1001,1015,1017),(1001,1017,1019),(1002,1001,
1019),(1004,1006,1021),(1022,1023,1005),(1005,1023,1015),(1013,1025,1009),
(1014,1010,1026),(1021,1006,1027),(1027,1006,1029),(993,1030,1007),(1032,
1025,1013),(1012,1035,1033),(1012,946,1035),(1028,1035,1022),(1022,1035,
1023),(1032,1037,1025),(1014,1026,1039),(1027,1029,1040),(1042,1035,1028),
(1038,1041,1031),(993,1039,1030),(1034,1041,1038),(1033,1035,1042),(1014,
1039,993),(415,420,1043),(1045,1044,421),(421,965,1045),(446,1046,968),
(1048,969,1047),(970,969,1049),(1050,969,1048),(1049,969,1050),(415,1043,
1051),(1045,1052,1044),(1053,1051,1055),(1057,1056,1052),(415,1051,1053),
(1057,1052,1045),(1058,1060,1046),(1062,1047,1061),(1058,1046,446),(1048,
1047,1062),(1053,1055,1063),(1065,1064,1056),(1065,1056,1057),(1058,1066,
1060),(1068,1061,1067),(1062,1061,1068),(1069,1063,1071),(1073,1072,1064),
(1053,1063,1069),(1073,1064,1065),(1074,1076,1066),(1078,1067,1077),(1074,
1066,1058),(1068,1067,1078),(1079,1071,1076),(1072,1081,1077),(1079,1076,
1082),(1082,1076,1084),(1084,1076,1086),(1086,1076,1074),(1077,1081,1078),
(1088,1071,1079),(1090,1071,1088),(1069,1071,1090),(1092,1072,1073),(1093,
1072,1092),(1093,1081,1072),(1094,1080,1083),(1096,1080,1094),(1096,1098,
1080),(1080,1098,1089),(1094,1083,1099),(1099,1083,1101),(1083,1103,1101),
(1085,1103,1083),(1095,1104,1097),(1106,1108,1097),(1109,1110,1096),(1097,
1104,1111),(1097,1111,1113),(1113,1115,1097),(1115,1117,1097),(1097,1119,
1121),(1097,1117,1119),(1121,1123,1097),(1097,1123,1125),(1097,1125,1106),
(1096,1110,1098),(1099,947,1094),(947,1105,1094),(1127,1100,1102),(1036,
947,1099),(1036,1099,1024),(1024,1099,1128),(1102,1129,1127),(1131,1133,
1102),(1101,1103,1132),(1102,1135,1129),(1137,1135,1102),(1139,1137,1102),
(1139,1102,1141),(1141,1102,1143),(1143,1102,1145),(1102,1147,1145),(1102,
1133,1147),(937,1105,947),(1089,1098,1091),(1149,1108,1151),(1150,1153,
1109),(1106,1151,1108),(1109,1153,1110),(937,1112,1105),(1024,1128,1016),
(1016,1128,1130),(1154,1131,1156),(1132,1103,1157),(1133,1131,1154),(919,
1112,937),(1085,1158,1157),(1085,1157,1103),(1087,1158,1085),(919,1114,
1112),(1016,1130,1018),(1018,1130,1136),(1154,1156,1159),(1160,1157,1158),
(905,1114,919),(1091,1161,1070),(1091,1153,1161),(1091,1098,1153),(1151,
1162,1149),(1150,1163,1164),(1150,1164,1153),(905,1116,1114),(1018,1136,
1165),(1165,1136,1138),(1167,1116,905),(1169,1168,904),(1169,904,846),(1171,
1017,1166),(1019,1017,1171),(1154,1159,1173),(1160,1175,1174),(1160,1158,
1175),(1075,1176,1087),(1087,1176,1175),(1087,1175,1158),(1167,1177,1116),
(1178,1179,1115),(1115,1179,1117),(1165,1138,1181),(1181,1138,1183),(1185,
1184,1137),(1185,1137,1139),(1187,1177,1167),(1189,1188,1168),(1189,1168,
1169),(1191,1166,1182),(1171,1166,1191),(1152,1193,1163),(1193,1194,1163),
(1194,1164,1163),(1070,1193,1054),(1070,1194,1193),(1070,1161,1194),(1059,
1176,1075),(1187,1195,1177),(1196,1197,1178),(1178,1197,1179),(1181,1183,
1199),(1199,1183,1201),(1203,1202,1184),(1203,1184,1185),(1155,1174,1176),
(1175,1176,1174),(1205,1195,1187),(1188,1207,1206),(1207,1188,1189),(1209,
1182,1200),(1191,1182,1209),(1152,1211,1054),(1054,1193,1152),(1054,1211,
1213),(1054,1213,1215),(1215,1217,1054),(1054,1217,1219),(1054,1219,1221),
(1221,1223,1054),(1054,1223,1225),(1053,1226,415),(1227,1155,1059),(1155,
1176,1059),(1227,1059,1229),(1229,1059,1231),(1231,1059,1233),(1233,1059,
1235),(1235,1059,1237),(1237,1059,1239),(1239,1059,1241),(446,1242,1058),
(1243,1151,1106),(1245,1151,1243),(1247,1151,1245),(1249,1151,1247),(1152,
1251,1211),(1253,1251,1152),(1152,1255,1253),(1152,1257,1255),(1259,1257,
1152),(1259,1152,1261),(1261,1152,1263),(1249,1264,1151),(1266,1195,1205),
(1196,1268,1197),(1270,1268,1196),(1196,1272,1270),(1196,1274,1272),(1276,
1274,1196),(1277,1195,1266),(1199,1201,1278),(1280,1202,1203),(1282,1202,
1280),(1284,1202,1282),(1286,1202,1284),(1288,1202,1286),(1288,1290,1202),
(1278,1201,1291),(1154,1292,1133),(1294,1292,1154),(1154,1296,1294),(1154,
1298,1296),(1300,1155,1227),(1302,1155,1300),(1304,1155,1302),(1306,1155,
1304),(1308,1155,1306),(1310,1155,1308),(1310,1312,1155),(1314,1298,1154),
(1206,1207,1315),(1206,1315,1317),(1317,1319,1206),(1206,1319,1321),(1206,
1321,1323),(1206,1323,1267),(1209,1200,1325),(1325,1200,1327),(1327,1200,
1329),(1329,1200,1331),(1331,1200,1333),(1333,1200,1279),(1120,1170,1122),
(1120,1190,1170),(1118,1190,1120),(1142,1172,1140),(1142,1020,1172),(1144,
1020,1142),(1122,1170,847),(1140,1172,1192),(1122,847,1124),(1118,1208,
1190),(1180,1208,1118),(1140,1192,1186),(1144,1003,1020),(1146,1003,1144),
(1124,847,827),(1186,1192,1210),(1124,827,1126),(1180,1316,1208),(1198,
1316,1180),(1186,1210,1204),(1146,781,1003),(1148,781,1146),(1126,827,801),
(1204,1210,1326),(1126,801,1107),(1198,1318,1316),(1269,1318,1198),(1204,
1326,1281),(1148,753,781),(1134,753,1148),(1107,801,777),(1281,1326,1328),
(1107,777,1244),(1269,1320,1318),(1271,1320,1269),(1281,1328,1283),(1134,
401,753),(1293,401,1134),(1244,777,749),(1283,1328,1330),(1244,749,1246),
(1271,1322,1320),(1273,1322,1271),(1283,1330,1285),(1293,1335,401),(1295,
1335,1293),(1246,749,1337),(1338,748,374),(1285,1330,1332),(164,400,1336),
(1246,1337,1248),(1273,1324,1322),(1275,1324,1273),(1285,1332,1287),(1295,
1339,1335),(1297,1339,1295),(1248,1337,1341),(374,1342,1338),(1287,1332,
1334),(164,1336,1340),(1248,1341,1343),(1344,1345,1247),(1247,1345,1249),
(1275,1347,1324),(1349,1347,1275),(1274,1351,1350),(1276,1351,1274),(1287,
1334,1353),(1354,1355,1286),(1286,1355,1288),(1297,1357,1339),(1359,1357,
1297),(1298,1360,1296),(1343,1341,1361),(374,1362,1342),(1363,1323,1348),
(1365,1323,1363),(1267,1323,1365),(1353,1334,1367),(1369,1368,1333),(1333,
1279,1369),(1340,1358,164),(1343,1361,1371),(1372,1373,1344),(1344,1373,
1345),(1349,1375,1347),(1377,1375,1349),(1350,1379,1378),(1350,1351,1379),
(1353,1367,1381),(1382,1383,1354),(1354,1383,1355),(1359,1385,1357),(1387,
1385,1359),(1389,1388,1360),(1389,1360,1298),(1371,1361,1391),(1393,1392,
1362),(1393,1362,374),(1395,1348,1376),(1363,1348,1395),(1381,1367,1397),
(1399,1398,1368),(1399,1368,1369),(1401,1358,1386),(1403,1358,1401),(1403,
164,1358),(1371,1391,1405),(1406,1407,1372),(1372,1407,1373),(1377,1409,
1375),(1411,1409,1377),(1378,1413,1412),(1378,1379,1413),(1381,1397,1415),
(1416,1417,1382),(1382,1417,1383),(1387,1419,1385),(1421,1419,1387),(1423,
1422,1388),(1423,1388,1389),(1405,1391,1425),(1427,1426,1392),(1427,1392,
1393),(1429,1376,1410),(1395,1376,1429),(1415,1397,1431),(1433,1432,1398),
(1433,1398,1399),(1435,1386,1420),(1401,1386,1435),(1405,1425,1437),(1438,
1439,1406),(1406,1439,1407),(1411,1441,1409),(1443,1441,1411),(1412,1445,
1444),(1412,1413,1445),(1415,1431,1447),(1448,1449,1416),(1416,1449,1417),
(1421,1451,1419),(1453,1451,1421),(1455,1454,1422),(1455,1422,1423),(1437,
1425,1457),(1459,1458,1426),(1459,1426,1427),(1461,1410,1442),(1429,1410,
1461),(1447,1431,1463),(1465,1464,1432),(1465,1432,1433),(1467,1420,1452),
(1435,1420,1467),(1437,1457,1469),(1470,1471,1438),(1438,1471,1439),(1443,
1473,1441),(1469,1473,1443),(1444,1475,1470),(1444,1445,1475),(1447,1463,
1477),(1478,1479,1448),(1448,1479,1449),(1453,1481,1451),(1477,1481,1453),
(1454,1483,1478),(1483,1454,1455),(1469,1457,1473),(1485,1474,1458),(1485,
1458,1459),(1487,1442,1474),(1461,1442,1487),(1477,1463,1481),(1489,1482,
1464),(1489,1464,1465),(1491,1452,1482),(1467,1452,1491),(1470,1475,1471),
(1478,1483,1479),(1487,1474,1485),(1491,1482,1489),(1212,701,1214),(1212,
685,701),(1214,701,699),(1252,685,1212),(707,1228,681),(707,1301,1228),
(681,1228,1230),(709,1301,707),(1214,699,1216),(1216,699,675),(1252,661,
685),(1254,661,1252),(681,1230,657),(657,1230,1232),(709,1303,1301),(693,
1303,709),(1216,675,1218),(1218,675,651),(657,1232,633),(633,1232,1234),
(1254,637,661),(1256,637,1254),(693,1305,1303),(669,1305,693),(1218,651,
1220),(1220,651,627),(633,1234,609),(609,1234,1236),(1256,613,637),(1258,
613,1256),(669,1307,1305),(645,1307,669),(1220,627,1222),(1222,627,603),
(609,1236,439),(439,1236,1238),(1258,157,613),(1260,157,1258),(645,1309,
1307),(621,1309,645),(1222,603,1224),(1224,603,1493),(602,414,1494),(439,
1238,1495),(1495,1238,1240),(1496,447,438),(1260,1497,157),(156,1498,146),
(1262,1497,1260),(621,1311,1309),(1499,1311,621),(620,173,1500),(1224,1493,
1501),(1501,1493,1503),(1505,1504,1494),(1494,414,1507),(1494,1507,1509),
(1505,1494,1509),(1225,1223,1502),(1495,1240,1511),(1511,1240,1513),(1239,
1241,1514),(1512,1515,1496),(1496,1517,447),(1496,1519,1517),(1496,1515,
1519),(1262,1521,1497),(146,1498,1522),(1523,1521,1262),(1261,1263,1524),
(1499,1525,1311),(1526,1312,1310),(1527,1525,1499),(1500,173,1528),(1501,
1503,1529),(1529,1503,1531),(1533,1532,1504),(1533,1504,1505),(1225,1502,
1530),(1511,1513,1535),(1535,1513,1537),(1514,1241,1538),(1536,1539,1512),
(1512,1539,1515),(1523,1541,1521),(146,1522,1542),(1543,1541,1523),(1524,
1263,1544),(1527,1545,1525),(1526,1546,1312),(1547,1545,1527),(173,1548,
1528),(1529,1531,1549),(1549,1531,1551),(1553,1552,1532),(1553,1532,1533),
(1530,1550,1225),(1535,1537,1555),(1555,1537,1557),(1538,1241,1558),(1559,
1536,1556),(1539,1536,1559),(1543,1561,1541),(1542,1562,146),(1563,1561,
1543),(1544,1263,1564),(1547,1565,1545),(1312,1546,1566),(1567,1565,1547),
(173,1568,1548),(1549,1551,1569),(1569,1551,1571),(1572,1552,1553),(1570,
1573,1550),(1225,1550,1575),(1577,1575,1550),(1550,1579,1577),(1550,1573,
1579),(1555,1557,1581),(1581,1557,1583),(1585,1584,1558),(1558,1241,1587),
(1558,1587,1589),(1591,1558,1589),(1585,1558,1591),(1559,1556,1582),(1563,
1593,1561),(1553,1562,1594),(146,1562,1553),(1595,1593,1563),(1564,1263,
1596),(1567,1597,1565),(1312,1566,1598),(1599,1597,1567),(1559,1600,1568),
(1559,1568,173),(1569,1571,1601),(1601,1571,1603),(1553,1604,1572),(1602,
1605,1570),(1570,1605,1573),(1581,1583,1607),(1607,1583,1609),(1611,1610,
1584),(1611,1584,1585),(1582,1608,1559),(1595,1613,1593),(1553,1594,1614),
(1615,1613,1595),(1596,1605,1616),(1596,1263,1605),(1599,1617,1597),(1611,
1598,1618),(1312,1598,1611),(1619,1617,1599),(1620,1600,1559),(1601,1603,
1621),(1621,1603,1623),(1553,1624,1604),(1622,1605,1602),(1615,1623,1613),
(1614,1624,1553),(1621,1623,1615),(1616,1605,1622),(1607,1609,1625),(1625,
1609,1627),(1628,1610,1611),(1559,1608,1626),(1619,1627,1617),(1611,1618,
1628),(1625,1627,1619),(1559,1626,1620),(1472,1488,1440),(1472,1462,1488),
(1476,1462,1472),(1480,1492,1450),(1480,1468,1492),(1484,1468,1480),(1440,
1488,1486),(1450,1492,1490),(1440,1486,1408),(1476,1430,1462),(1446,1430,
1476),(1450,1490,1418),(1484,1436,1468),(1456,1436,1484),(1408,1486,1460),
(1418,1490,1466),(1408,1460,1374),(1446,1396,1430),(1414,1396,1446),(1418,
1466,1384),(1456,1402,1436),(1424,1402,1456),(1374,1460,1428),(1384,1466,
1434),(1374,1428,1346),(1414,1364,1396),(1380,1364,1414),(1384,1434,1356),
(1424,1404,1402),(1390,1404,1424),(1346,1428,1394),(1356,1434,1400),(1346,
1394,1250),(1380,1366,1364),(1352,1366,1380),(1356,1400,1289),(1390,1629,
1404),(1299,1629,1390),(1250,1394,1631),(374,1632,1393),(1289,1400,1370),
(1630,164,1403),(1250,1631,1633),(1634,1264,1249),(1352,1635,1366),(1637,
1635,1352),(1276,1638,1351),(1289,1370,1639),(1640,1290,1288),(1299,1641,
1629),(1643,1641,1299),(1314,1644,1298),(1633,1631,1645),(374,1646,1632),
(1267,1365,1636),(1639,1370,1647),(1369,1279,1648),(1642,164,1630),(1633,
1645,1649),(1650,1264,1634),(1637,1651,1635),(1653,1651,1637),(1655,1654,
1638),(1655,1638,1276),(1639,1647,1658),(1660,1640,1659),(1660,1290,1640),
(1643,1663,1641),(1665,1663,1643),(1666,1644,1314),(1649,1645,1667),(1668,
1646,374),(1636,1652,1267),(1658,1647,1669),(1648,1279,1670),(1664,164,
1642),(1649,1667,1671),(1672,1264,1650),(1653,1673,1651),(1675,1673,1653),
(1676,1654,1655),(1658,1669,1677),(1659,1678,1660),(1665,1679,1663),(1681,
1679,1665),(1314,1682,1666),(1671,1667,1683),(374,1684,1668),(1267,1652,
1674),(1677,1669,1685),(1670,1279,1686),(1680,164,1664),(1671,1683,1687),
(1688,1264,1672),(1675,1689,1673),(1691,1689,1675),(1655,1692,1676),(1677,
1685,1693),(1660,1678,1694),(1681,1695,1679),(1697,1695,1681),(1314,1698,
1682),(1687,1683,1699),(374,1700,1684),(1267,1674,1690),(1693,1685,1701),
(1686,1279,1702),(1696,164,1680),(1226,1703,415),(1704,1705,414),(414,1705,
1507),(1707,1703,1226),(1709,1708,1225),(1225,1575,1709),(1242,446,1711),
(1712,1713,1241),(1241,1713,1587),(1711,446,1715),(447,1717,1716),(447,
1517,1717),(1687,1699,1719),(1720,1264,1688),(1691,1721,1689),(1723,1721,
1691),(1655,1724,1692),(1693,1701,1725),(1660,1694,1726),(1697,1727,1695),
(1729,1727,1697),(1730,1698,1314),(1719,1699,1731),(1732,1700,374),(1690,
1722,1267),(1725,1701,1733),(1702,1279,1734),(1728,164,1696),(1719,1731,
1735),(1736,1264,1720),(1723,1737,1721),(1739,1737,1723),(1740,1724,1655),
(1725,1733,1741),(1726,1742,1660),(1729,1743,1727),(1745,1743,1729),(1314,
1746,1730),(1735,1731,1747),(374,1748,1732),(1267,1722,1738),(1741,1733,
1749),(1734,1279,1750),(1744,164,1728),(1735,1747,1751),(1752,1264,1736),
(1739,1753,1737),(1751,1753,1739),(1740,1655,1752),(1741,1749,1755),(1660,
1742,1756),(1745,1757,1743),(1755,1757,1745),(1314,1756,1746),(1751,1747,
1753),(374,1754,1748),(1267,1738,1754),(1755,1749,1757),(1750,1279,1758),
(1758,164,1744),(1752,1655,1264),(1660,1756,1314),(1267,1754,374),(1758,
1279,164),(1707,1706,1703),(1710,1706,1707),(1711,1715,1714),(1714,1715,
1718),(1710,1508,1706),(1576,1508,1710),(1714,1718,1588),(1588,1718,1518),
(374,1759,1267),(375,1761,1760),(375,1763,1761),(1765,1763,375),(375,1767,
1765),(375,146,1767),(164,1279,1769),(1771,163,1770),(1773,163,1771),(1775,
163,1773),(1777,163,1775),(173,163,1777),(1769,1279,1779),(1291,1780,1278),
(1759,1781,1267),(1266,1782,1277),(1576,1510,1508),(1578,1510,1576),(1588,
1518,1590),(1590,1518,1520),(1762,1781,1759),(1769,1779,1772),(1762,1783,
1781),(1782,1785,1277),(1772,1779,1786),(1291,1787,1780),(1788,1783,1762),
(1788,1762,1764),(1772,1786,1774),(1277,1785,1789),(1276,1791,1792),(1276,
1792,1655),(1795,1787,1291),(1797,1796,1290),(1290,1660,1797),(1578,1506,
1510),(1580,1506,1578),(1590,1520,1592),(1592,1520,1516),(1799,1787,1795),
(1774,1786,1800),(1799,1801,1787),(1790,1784,1803),(1788,1804,1783),(1790,
1803,1793),(1774,1800,1776),(1788,1764,1766),(1580,1534,1506),(1574,1534,
1580),(1592,1516,1586),(1586,1516,1540),(1662,1802,1798),(1794,1805,1656),
(1776,1800,1806),(1662,1807,1802),(1806,1800,1808),(1766,1804,1788),(1809,
1804,1766),(1656,1805,1810),(1809,1811,1804),(1809,1766,1768),(1806,1778,
1776),(1574,1554,1534),(1606,1554,1574),(1586,1540,1612),(1612,1540,1560),
(1809,1768,147),(1778,1806,174),(1657,1811,1265),(1313,1808,1661),(1265,
1811,147),(147,1811,1809),(1313,174,1808),(174,1806,1808),(1554,1606,1265),
(1265,147,1554),(1313,1612,1560),(1560,174,1313),(1045,965,1812),(1813,
965,966),(1813,1814,965),(1812,965,1814),(1045,1812,1057),(961,1815,963),
(963,1816,967),(963,1815,1816),(959,1817,961),(961,1817,1815),(1818,966,
967),(967,1816,1819),(1820,1818,967),(1819,1820,967),(966,1821,1813),(1818,
1822,966),(966,1822,1821),(964,970,1823),(964,1823,962),(1824,970,1049),
(1823,970,1825),(1824,1825,970),(962,1826,960),(962,1823,1826),(1057,1812,
1827),(1057,1827,1065),(1048,1828,1050),(1062,1829,1048),(1048,1829,1828),
(1050,1830,1049),(1049,1831,1824),(1830,1832,1049),(1049,1832,1831),(1830,
1050,1833),(1050,1828,1833),(1062,1834,1829),(1068,1834,1062),(894,878,
895),(923,894,895),(958,1835,959),(959,1835,1817),(958,954,1835),(1819,
1816,1815),(1817,1836,1815),(1819,1815,1837),(1837,1815,1836),(1817,1835,
1838),(1817,1838,1836),(1839,1814,1813),(1813,1821,1840),(1813,1840,1839),
(1827,1812,1814),(1839,1841,1814),(1842,1827,1814),(1814,1841,1842),(1820,
1843,1818),(1818,1843,1822),(1844,1820,1819),(1844,1819,1837),(1820,1845,
1843),(1844,1846,1820),(1846,1845,1820),(1821,1822,1847),(1821,1847,1840),
(1847,1822,1843),(960,1848,955),(960,1826,1848),(955,1849,956),(955,1848,
1849),(1826,1823,1825),(1850,1826,1825),(1851,1848,1826),(1851,1826,1850),
(1852,1825,1824),(1825,1853,1850),(1852,1853,1825),(1824,1831,1854),(1824,
1854,1852),(1855,993,977),(1855,1856,993),(1857,1014,993),(1856,1858,993),
(993,1859,1857),(993,1860,1859),(1858,1860,993),(1861,977,983),(1861,1862,
977),(1862,1863,977),(977,1864,1855),(977,1865,1864),(1863,1865,977),(1866,
1835,954),(1867,954,957),(1867,1866,954),(1866,1868,1835),(1868,1838,1835),
(956,1869,957),(956,1849,1870),(1869,956,1870),(957,1871,1867),(1869,1872,
957),(957,1872,1871),(1873,1849,1848),(1873,1848,1851),(1849,1874,1870),
(1849,1873,1874),(1875,1866,1867),(1867,1871,1876),(1867,1876,1875),(1875,
1877,1866),(1877,1868,1866),(1869,1878,1872),(1870,1879,1869),(1879,1878,
1869),(1871,1872,1880),(1871,1880,1876),(1880,1872,1878),(1874,1881,1870),
(1870,1882,1879),(1870,1881,1882),(983,1883,1861),(983,1884,1883),(1885,
983,1014),(1885,1886,983),(1886,1887,983),(1887,1884,983),(1875,1876,1888),
(1889,1877,1875),(1875,1888,1889),(1876,1880,1890),(1876,1890,1888),(1891,
1838,1868),(1877,1889,1868),(1889,1891,1868),(1891,1836,1838),(1873,1892,
1874),(1873,1851,1892),(1874,1893,1881),(1892,1893,1874),(1851,1850,1892),
(1879,1894,1878),(1880,1878,1895),(1895,1878,1894),(1882,1894,1879),(1890,
1880,1895),(1882,1881,1896),(1882,1897,1898),(1898,1894,1882),(1897,1882,
1896),(1881,1899,1896),(1881,1893,1899),(1837,1836,1900),(1900,1836,1891),
(1850,1853,1901),(1850,1901,1892),(1902,1844,1837),(1902,1837,1900),(1839,
1840,1903),(1904,1841,1839),(1839,1903,1904),(1840,1847,1905),(1840,1905,
1903),(1906,1827,1842),(1065,1827,1907),(1906,1907,1827),(1842,1841,1904),
(1906,1842,1908),(1842,1904,1908),(1909,1843,1845),(1847,1843,1909),(1902,
1846,1844),(1910,1845,1846),(1846,1911,1910),(1902,1911,1846),(1910,1912,
1845),(1909,1845,1912),(1905,1847,1909),(1830,1913,1832),(1833,1914,1830),
(1914,1913,1830),(1831,1832,1915),(1831,1915,1854),(1915,1832,1913),(1916,
1828,1829),(1828,1917,1833),(1828,1916,1917),(1918,1829,1834),(1916,1829,
1918),(1917,1919,1833),(1833,1920,1914),(1833,1919,1920),(1852,1854,1921),
(1901,1853,1852),(1852,1921,1901),(1854,1915,1922),(1854,1922,1921),(1898,
1862,1861),(1861,1883,1923),(1861,1923,1898),(1862,1896,1863),(1898,1897,
1862),(1897,1896,1862),(1855,1864,1924),(1925,1856,1855),(1855,1924,1925),
(1865,1926,1864),(1926,1924,1864),(1863,1927,1865),(1896,1899,1863),(1928,
1927,1863),(1928,1863,1899),(1865,1927,1926),(1884,1929,1883),(1929,1923,
1883),(1014,1930,1885),(1857,1931,1014),(1014,1932,1930),(1931,1933,1014),
(1933,1932,1014),(1910,1886,1885),(1885,1930,1912),(1885,1912,1910),(1887,
1886,1934),(1910,1911,1886),(1886,1911,1934),(1887,1935,1884),(1884,1935,
1929),(1936,1935,1887),(1934,1936,1887),(1898,1923,1894),(1929,1895,1923),
(1895,1894,1923),(1856,1937,1858),(1925,1938,1856),(1938,1937,1856),(1857,
1859,1939),(1940,1931,1857),(1857,1939,1940),(1860,1941,1859),(1941,1939,
1859),(1858,1942,1860),(1937,1943,1858),(1944,1942,1858),(1944,1858,1943),
(1860,1942,1941),(1925,1924,1945),(1926,1946,1924),(1946,1945,1924),(1920,
1938,1925),(1925,1945,1920),(1928,1921,1927),(1926,1927,1922),(1921,1922,
1927),(1928,1899,1893),(1928,1893,1901),(1901,1921,1928),(1922,1946,1926),
(1932,1947,1930),(1947,1912,1930),(1931,1948,1933),(1940,1949,1931),(1949,
1948,1931),(1933,1950,1932),(1932,1950,1947),(1951,1950,1933),(1948,1952,
1933),(1951,1933,1952),(1947,1909,1912),(1929,1935,1890),(1890,1895,1929),
(1936,1888,1935),(1888,1890,1935),(1934,1889,1936),(1911,1900,1934),(1934,
1891,1889),(1900,1891,1934),(1889,1888,1936),(1911,1902,1900),(1940,1939,
1953),(1941,1954,1939),(1954,1953,1939),(1955,1949,1940),(1940,1953,1955),
(1938,1920,1937),(1919,1943,1937),(1920,1919,1937),(1941,1942,1956),(1956,
1954,1941),(1944,1957,1942),(1957,1956,1942),(1944,1943,1958),(1919,1958,
1943),(1959,1957,1944),(1944,1958,1959),(1947,1950,1905),(1905,1909,1947),
(1951,1903,1950),(1903,1905,1950),(1949,1955,1948),(1960,1952,1948),(1955,
1960,1948),(1951,1952,1961),(1904,1903,1951),(1951,1961,1904),(1960,1961,
1952),(1065,1907,1073),(1068,1962,1834),(1078,1962,1068),(1918,1834,1963),
(1834,1962,1964),(1963,1834,1964),(1916,1965,1917),(1916,1918,1965),(1917,
1958,1919),(1965,1958,1917),(1918,1963,1965),(1914,1945,1913),(1915,1913,
1946),(1946,1913,1945),(1920,1945,1914),(1922,1915,1946),(1073,1907,1966),
(1073,1966,1092),(1194,1161,1164),(1161,1153,1164),(1967,1907,1906),(1967,
1966,1907),(1967,1906,1908),(1078,1081,1962),(1962,1968,1964),(1962,1081,
1968),(1963,1964,1959),(1969,1964,1968),(1959,1964,1969),(1963,1959,1965),
(1092,1966,1970),(1092,1971,1093),(1971,1092,1970),(1966,1967,1972),(1966,
1972,1970),(1973,1081,1093),(1973,1968,1081),(1971,1974,1093),(1093,1975,
1973),(1093,1974,1975),(1967,1908,1972),(1969,1968,1973),(1153,1098,1110),
(1970,1976,1971),(1971,1977,1974),(1976,1977,1971),(1972,1960,1970),(1970,
1955,1976),(1970,1960,1955),(1973,1975,1978),(1973,1978,1969),(1975,1974,
1979),(1975,1979,1978),(1979,1974,1977),(1972,1961,1960),(1908,1961,1972),
(1969,1978,1957),(1969,1957,1959),(1978,1979,1956),(1978,1956,1957),(1976,
1953,1977),(1955,1953,1976),(1979,1977,1954),(1954,1977,1953),(1956,1979,
1954),(1892,1901,1893),(1908,1904,1961),(1965,1959,1958)),());
#28=COORDINATES_LIST('',1086,((-0.436665687561036,-0.664807128906251,1.52985870361328),
(-0.436665687561036,-0.66356071472168,1.48237503051758),(-0.436665687561036,
-0.648865814208984,0.922567901611329),(-0.436665687561035,-0.647619400024414,
0.875084228515625),(-0.436665687561035,-0.583588256835938,1.4844743347168),
(-0.436665687561035,-0.568893394470215,0.924667129516602),(-0.436665687561035,
-0.544848480224609,1.53300750732422),(-0.436665687561035,-0.527660713195801,
0.878233108520508),(-0.436384010314942,-0.538180122375488,1.41553771972656),
(-0.436376342773437,-0.527172164916992,0.995911636352539),(-0.436307525634765,
-0.581732521057129,1.41377990722656),(-0.436307525634765,-0.570749130249023,
0.995361480712891),(-0.435984191894532,-0.539673881530762,1.53314346313477),
(-0.435984191894532,-0.522486114501953,0.878368988037109),(-0.435984191894531,
-0.538033828735352,1.47066497802734),(-0.435984191894531,-0.524126167297363,
0.940847396850586),(-0.435662803649903,-0.67370491027832,1.52962509155273),
(-0.435662803649903,-0.67245849609375,1.48214141845703),(-0.435662803649903,
-0.657763595581055,0.922334289550781),(-0.435662803649903,-0.656517181396484,
0.874850616455078),(-0.434007263183594,-0.534923439025879,1.53326797485351),
(-0.433996887207032,-0.517715187072754,0.878494338989258),(-0.433840789794922,
-0.531253547668457,1.41125869750977),(-0.433840713500976,-0.520471801757813,
1.00052757263184),(-0.432813377380371,-0.581607704162598,1.40902465820312),
(-0.432813262939453,-0.570873947143555,1.00011680603027),(-0.432704429626465,
-0.680910110473633,1.48191955566406),(-0.432704429626465,-0.666215209960938,
0.922112426757812),(-0.432704429626464,-0.682156524658203,1.52940338134766),
(-0.432704429626464,-0.664968795776367,0.874628829956055),(-0.430807838439942,
-0.515163536071777,0.94108268737793),(-0.430807838439942,-0.513523483276367,
0.878604202270508),(-0.430787353515625,-0.530728416442871,1.53337799072266),
(-0.429993515014648,-0.526610488891602,1.40894485473633),(-0.429993019104004,
-0.515956230163574,1.0030818939209),(-0.429253883361817,-0.581563529968262,
1.40734161376953),(-0.429253883361817,-0.570918121337891,1.00179985046387),
(-0.427938957214355,-0.689738159179688,1.52920425415039),(-0.427938957214355,
-0.688491744995117,1.48172058105469),(-0.427938957214355,-0.673796844482422,
0.921913452148438),(-0.427938957214355,-0.672550430297852,0.874429779052734),
(-0.426665687561035,-0.58155460357666,1.40700103759766),(-0.426665687561035,
-0.570927047729492,1.00214042663574),(-0.426656341552735,-0.527557258605957,
1.53346130371094),(-0.426628189086914,-0.510353584289551,0.878687591552734),
(-0.425304679870605,-0.512844390869141,1.00369781494141),(-0.42530460357666,
-0.523470191955566,1.4084928894043),(-0.421941261291504,-0.52559024810791,
1.53351287841797),(-0.42179630279541,-0.5083544921875,0.878740081787109),
(-0.421605262756348,-0.696069641113281,1.5290380859375),(-0.421605262756348,
-0.694823226928711,1.4815544128418),(-0.421605262756348,-0.680128326416016,
0.921747207641602),(-0.421605262756348,-0.678881912231446,0.874263610839844),
(-0.418600769042969,-0.510969352722168,1.00371437072754),(-0.41839370727539,
-0.521601943969727,1.40857452392578),(-0.416665687561036,-0.524855346679688,
1.53353240966797),(-0.416665687561036,-0.507667617797852,0.878757934570313),
(-0.414021034240723,-0.700833511352539,1.52891296386719),(-0.414021034240723,
-0.699587097167969,1.48142929077148),(-0.414021034240723,-0.684892196655274,
0.921622161865234),(-0.414021034240723,-0.683645782470704,0.874138565063477),
(-0.405566520690918,-0.703790893554688,1.52883544921875),(-0.405566520690918,
-0.702544403076172,1.48135162353516),(-0.405566520690918,-0.687849578857422,
0.921544570922852),(-0.405566520690918,-0.686603088378906,0.874060897827149),
(-0.404165687561035,-0.582735443115234,1.45198547363281),(-0.404165687561035,
-0.569746208190918,0.95715591430664),(-0.404165687561035,-0.522756080627441,
1.45355987548828),(-0.404165687561035,-0.509766883850098,0.958730392456055),
(-0.403569374084472,-0.582854309082031,1.45651336669922),(-0.403569374084472,
-0.582616577148438,1.4474577331543),(-0.403569374084472,-0.569865074157715,
0.961683731079102),(-0.403569374084472,-0.569627380371094,0.952628173828125),
(-0.403569374084472,-0.522874946594238,1.45808776855469),(-0.403569374084472,
-0.522637252807617,1.44903213500977),(-0.403569374084472,-0.509885749816895,
0.96325813293457),(-0.403569374084472,-0.509648017883301,0.954202575683594),
(-0.40182113647461,-0.582965049743652,1.460732421875),(-0.40182113647461,
-0.582505836486816,1.44323852539062),(-0.40182113647461,-0.569975814819336,
0.965902938842773),(-0.40182113647461,-0.5695166015625,0.948408966064453),
(-0.40182113647461,-0.522985687255859,1.46230697631836),(-0.40182113647461,
-0.522526473999023,1.44481292724609),(-0.40182113647461,-0.509996490478516,
0.967477416992187),(-0.40182113647461,-0.50953727722168,0.949983367919922),
(-0.399040069580078,-0.583060150146484,1.46435562133789),(-0.399040069580078,
-0.582410736083984,1.43961532592773),(-0.399040069580078,-0.570070953369141,
0.969526062011719),(-0.399040069580078,-0.569421501159668,0.944785842895508),
(-0.399040069580078,-0.523080825805664,1.46593002319336),(-0.399040069580078,
-0.522431373596191,1.44118988037109),(-0.399040069580078,-0.510091590881348,
0.971100463867188),(-0.399040069580078,-0.509442176818848,0.946360321044922),
(-0.396665687561035,-0.704793395996094,1.52880905151367),(-0.396665687561035,
-0.703546905517578,1.48132537841797),(-0.396665687561035,-0.688852081298828,
0.921518249511719),(-0.396665687561035,-0.687605590820313,0.874034576416016),
(-0.395415687561035,-0.583133125305176,1.46713577270508),(-0.395415687561035,
-0.582337760925293,1.43683532714844),(-0.395415687561035,-0.570143928527832,
0.972306137084961),(-0.395415687561035,-0.569348526000977,0.94200569152832),
(-0.395415687561035,-0.523153800964356,1.46871017456055),(-0.395415687561035,
-0.5223583984375,1.43840972900391),(-0.395415687561035,-0.510164566040039,
0.973880615234375),(-0.395415687561035,-0.509369201660156,0.943580169677734),
(-0.391195030212402,-0.583179016113281,1.46888336181641),(-0.391195030212402,
-0.582291870117188,1.43508758544922),(-0.391195030212402,-0.570189781188965,
0.974053802490234),(-0.391195030212402,-0.569302673339844,0.940258026123047),
(-0.391195030212402,-0.523199653625488,1.47045776367187),(-0.391195030212402,
-0.522312545776367,1.43666198730469),(-0.391195030212402,-0.510210456848145,
0.975628280639648),(-0.391195030212402,-0.509323310852051,0.941832504272461),
(-0.386665687561035,-0.58319465637207,1.46947952270508),(-0.386665687561035,
-0.582276229858398,1.43449157714844),(-0.386665687561035,-0.570205459594727,
0.974649887084961),(-0.386665687561035,-0.569286994934082,0.93966194152832),
(-0.386665687561035,-0.52321533203125,1.47105392456055),(-0.386665687561035,
-0.522296867370605,1.43606597900391),(-0.386665687561035,-0.510226097106934,
0.976224365234375),(-0.386665687561035,-0.509307670593262,0.941236419677735),
(-0.382136344909668,-0.583179016113281,1.46888336181641),(-0.382136344909668,
-0.582291870117188,1.43508758544922),(-0.382136344909668,-0.570189781188965,
0.974053802490235),(-0.382136344909668,-0.569302673339844,0.940258026123047),
(-0.382136344909668,-0.523199653625488,1.47045776367187),(-0.382136344909668,
-0.522312545776367,1.43666198730469),(-0.382136344909668,-0.510210456848145,
0.975628280639648),(-0.382136344909668,-0.509323310852051,0.941832504272461),
(-0.377915687561035,-0.583133125305176,1.46713577270508),(-0.377915687561035,
-0.582337760925293,1.43683532714844),(-0.377915687561035,-0.570143928527832,
0.972306137084961),(-0.377915687561035,-0.569348526000977,0.94200569152832),
(-0.377915687561035,-0.523153800964356,1.46871017456055),(-0.377915687561035,
-0.5223583984375,1.43840972900391),(-0.377915687561035,-0.510164566040039,
0.973880615234375),(-0.377915687561035,-0.509369201660156,0.943580169677734),
(-0.374291305541992,-0.583060150146484,1.46435562133789),(-0.374291305541992,
-0.582410736083984,1.43961532592773),(-0.374291305541992,-0.570070953369141,
0.969526062011719),(-0.374291305541992,-0.569421501159668,0.944785842895508),
(-0.374291305541992,-0.523080825805664,1.46593002319336),(-0.374291305541992,
-0.522431373596191,1.44118988037109),(-0.374291305541992,-0.510091590881348,
0.971100463867188),(-0.374291305541992,-0.509442176818848,0.946360321044922),
(-0.371510238647461,-0.582965049743652,1.460732421875),(-0.371510238647461,
-0.582505836486816,1.44323852539062),(-0.371510238647461,-0.569975814819336,
0.965902938842773),(-0.371510238647461,-0.5695166015625,0.948408966064453),
(-0.371510238647461,-0.52298568725586,1.46230697631836),(-0.371510238647461,
-0.522526473999023,1.44481292724609),(-0.371510238647461,-0.509996490478516,
0.967477416992187),(-0.371510238647461,-0.50953727722168,0.949983367919922),
(-0.369762001037597,-0.582854309082031,1.45651336669922),(-0.369762001037597,
-0.582616577148437,1.4474577331543),(-0.369762001037597,-0.569865074157715,
0.961683731079102),(-0.369762001037597,-0.569627380371094,0.952628173828125),
(-0.369762001037597,-0.522874946594238,1.45808776855469),(-0.369762001037597,
-0.522637252807617,1.44903213500977),(-0.369762001037597,-0.509885749816895,
0.96325813293457),(-0.369762001037597,-0.509648017883301,0.954202575683594),
(-0.369165687561035,-0.582735443115234,1.45198547363281),(-0.369165687561035,
-0.569746208190918,0.95715591430664),(-0.369165687561035,-0.522756080627441,
1.45355987548828),(-0.369165687561035,-0.509766883850098,0.958730392456055),
(-0.361665687561035,-0.644814071655274,1.53038360595703),(-0.361665687561035,
-0.643567581176758,1.48289978027344),(-0.361665687561035,-0.628872756958008,
0.923092651367188),(-0.361665687561035,-0.627626304626465,0.87560905456543),
(-0.360813827514648,-0.651282272338867,1.53021362304688),(-0.360813827514648,
-0.650035858154297,1.48273010253906),(-0.360813827514648,-0.638345794677734,
1.5305532836914),(-0.360813827514648,-0.637099342346191,1.4830696105957),
(-0.360813827514648,-0.635340995788574,0.922922897338867),(-0.360813827514648,
-0.634094543457031,0.875439224243164),(-0.360813827514648,-0.622404479980469,
0.923262481689453),(-0.360813827514648,-0.621158065795899,0.87577880859375),
(-0.358316307067871,-0.657309722900391,1.53005554199219),(-0.358316307067871,
-0.65606330871582,1.48257186889648),(-0.358316307067871,-0.641368408203125,
0.922764663696289),(-0.358316307067871,-0.640121994018555,0.875280990600586),
(-0.358316307067871,-0.632318344116211,1.53071151733399),(-0.358316307067871,
-0.631071929931641,1.48322784423828),(-0.358316307067871,-0.616377029418945,
0.923420715332031),(-0.358316307067871,-0.615130615234375,0.875937042236328),
(-0.354343376159668,-0.662485656738281,1.52991973876953),(-0.354343376159668,
-0.661239166259766,1.48243591308594),(-0.354343376159668,-0.646544342041016,
0.922628784179688),(-0.354343376159668,-0.6452978515625,0.87514518737793),
(-0.354343376159668,-0.627142486572266,1.53084747314453),(-0.354343376159668,
-0.625896034240723,1.48336364746094),(-0.354343376159668,-0.611201171875,
0.923556518554687),(-0.354343376159668,-0.609954719543457,0.87607292175293),
(-0.349165687561035,-0.666457214355469,1.52981536865235),(-0.349165687561035,
-0.665210800170898,1.48233169555664),(-0.349165687561035,-0.650515899658203,
0.922524566650391),(-0.349165687561035,-0.649269485473633,0.875040893554688),
(-0.349165687561035,-0.623170852661133,1.53095153808594),(-0.349165687561035,
-0.621924438476563,1.48346801757812),(-0.349165687561035,-0.607229537963867,
0.92366081237793),(-0.349165687561035,-0.605983123779297,0.876177139282227),
(-0.343136177062988,-0.667707443237305,1.48226623535156),(-0.343136177062988,
-0.653012542724609,0.922459030151367),(-0.343136177062988,-0.620674209594727,
1.5310171508789),(-0.343136177062988,-0.619427757263184,1.4835334777832),
(-0.343136177062988,-0.604732894897461,0.923726348876953),(-0.343136177062988,
-0.603486480712891,0.87624267578125),(-0.343136177062988,-0.668953857421875,
1.52974975585938),(-0.343136177062988,-0.651766128540039,0.874975357055664),
(-0.336665687561035,-0.669805450439453,1.52972747802735),(-0.336665687561035,
-0.668558959960938,1.48224380493164),(-0.336665687561035,-0.653864135742188,
0.922436676025391),(-0.336665687561035,-0.652617721557617,0.874953002929687),
(-0.336665687561035,-0.619822654724121,1.53103942871094),(-0.336665687561035,
-0.618576202392578,1.48355590820312),(-0.336665687561035,-0.603881340026856,
0.92374870300293),(-0.336665687561035,-0.602634887695313,0.876265029907227),
(-0.330195198059082,-0.668953857421875,1.52974975585938),(-0.330195198059082,
-0.667707443237305,1.48226623535156),(-0.330195198059082,-0.653012542724609,
0.922459030151367),(-0.330195198059082,-0.651766128540039,0.874975357055664),
(-0.330195198059082,-0.620674209594727,1.5310171508789),(-0.330195198059082,
-0.619427757263184,1.4835334777832),(-0.330195198059082,-0.604732894897461,
0.923726348876953),(-0.330195198059082,-0.603486480712891,0.87624267578125),
(-0.324165687561035,-0.666457214355469,1.52981536865235),(-0.324165687561035,
-0.665210800170898,1.48233169555664),(-0.324165687561035,-0.650515899658203,
0.922524566650391),(-0.324165687561035,-0.649269485473633,0.875040893554688),
(-0.324165687561035,-0.623170852661133,1.53095153808594),(-0.324165687561035,
-0.621924438476563,1.48346801757812),(-0.324165687561035,-0.607229537963867,
0.92366081237793),(-0.324165687561035,-0.605983123779297,0.876177139282227),
(-0.318987998962402,-0.662485656738281,1.52991973876953),(-0.318987998962402,
-0.661239166259766,1.48243591308594),(-0.318987998962402,-0.646544342041016,
0.922628784179688),(-0.318987998962402,-0.6452978515625,0.87514518737793),
(-0.318987998962402,-0.627142486572266,1.53084747314453),(-0.318987998962402,
-0.625896034240723,1.48336364746094),(-0.318987998962402,-0.611201171875,
0.923556518554687),(-0.318987998962402,-0.609954719543457,0.87607292175293),
(-0.315015068054199,-0.657309722900391,1.53005554199219),(-0.315015068054199,
-0.65606330871582,1.48257186889648),(-0.315015068054199,-0.641368408203125,
0.922764663696289),(-0.315015068054199,-0.640121994018555,0.875280990600586),
(-0.315015068054199,-0.632318344116211,1.53071151733399),(-0.315015068054199,
-0.631071929931641,1.48322784423828),(-0.315015068054199,-0.616377029418945,
0.923420715332031),(-0.315015068054199,-0.615130615234375,0.875937042236328),
(-0.312517547607422,-0.651282272338867,1.53021362304688),(-0.312517547607422,
-0.650035858154297,1.48273010253906),(-0.312517547607422,-0.638345794677734,
1.5305532836914),(-0.312517547607422,-0.637099342346191,1.4830696105957),
(-0.312517547607422,-0.635340995788574,0.922922897338867),(-0.312517547607422,
-0.634094543457031,0.875439224243164),(-0.312517547607422,-0.622404479980469,
0.923262481689453),(-0.312517547607422,-0.621158065795899,0.87577880859375),
(-0.311665687561036,-0.644814071655274,1.53038360595703),(-0.311665687561036,
-0.643567581176758,1.48289978027344),(-0.311665687561036,-0.628872756958008,
0.923092651367187),(-0.311665687561036,-0.627626304626465,0.87560905456543),
(-0.304165687561035,-0.582735443115234,1.45198547363281),(-0.304165687561035,
-0.569746208190918,0.95715591430664),(-0.304165687561035,-0.522756080627441,
1.45355987548828),(-0.304165687561035,-0.509766883850098,0.958730392456055),
(-0.303569374084472,-0.582854309082031,1.45651336669922),(-0.303569374084472,
-0.582616577148437,1.4474577331543),(-0.303569374084472,-0.569865074157715,
0.961683731079102),(-0.303569374084472,-0.569627380371094,0.952628173828125),
(-0.303569374084472,-0.522874946594238,1.45808776855469),(-0.303569374084472,
-0.522637252807617,1.44903213500977),(-0.303569374084472,-0.509885749816895,
0.96325813293457),(-0.303569374084472,-0.509648017883301,0.954202575683594),
(-0.30182113647461,-0.582965049743652,1.460732421875),(-0.30182113647461,
-0.582505836486816,1.44323852539062),(-0.30182113647461,-0.569975814819336,
0.965902938842773),(-0.30182113647461,-0.5695166015625,0.948408966064453),
(-0.30182113647461,-0.52298568725586,1.46230697631836),(-0.30182113647461,
-0.522526473999023,1.44481292724609),(-0.30182113647461,-0.509996490478516,
0.967477416992187),(-0.30182113647461,-0.50953727722168,0.949983367919922),
(-0.299040069580078,-0.583060150146484,1.46435562133789),(-0.299040069580078,
-0.582410736083984,1.43961532592773),(-0.299040069580078,-0.570070953369141,
0.969526062011719),(-0.299040069580078,-0.569421501159668,0.944785842895508),
(-0.299040069580078,-0.523080825805664,1.46593002319336),(-0.299040069580078,
-0.522431373596191,1.44118988037109),(-0.299040069580078,-0.510091590881348,
0.971100463867188),(-0.299040069580078,-0.509442176818848,0.946360321044922),
(-0.295415687561035,-0.583133125305176,1.46713577270508),(-0.295415687561035,
-0.582337760925293,1.43683532714844),(-0.295415687561035,-0.570143928527832,
0.972306137084961),(-0.295415687561035,-0.569348526000977,0.94200569152832),
(-0.295415687561035,-0.523153800964356,1.46871017456055),(-0.295415687561035,
-0.5223583984375,1.43840972900391),(-0.295415687561035,-0.510164566040039,
0.973880615234375),(-0.295415687561035,-0.509369201660156,0.943580169677734),
(-0.291195030212403,-0.583179016113281,1.46888336181641),(-0.291195030212403,
-0.582291870117188,1.43508758544922),(-0.291195030212403,-0.570189781188965,
0.974053802490235),(-0.291195030212403,-0.569302673339844,0.940258026123047),
(-0.291195030212403,-0.523199653625488,1.47045776367187),(-0.291195030212403,
-0.522312545776367,1.43666198730469),(-0.291195030212403,-0.510210456848145,
0.975628280639649),(-0.291195030212403,-0.509323310852051,0.941832504272461),
(-0.286665687561035,-0.58319465637207,1.46947952270508),(-0.286665687561035,
-0.582276229858398,1.43449157714844),(-0.286665687561035,-0.570205459594727,
0.974649887084961),(-0.286665687561035,-0.569286994934082,0.93966194152832),
(-0.286665687561035,-0.52321533203125,1.47105392456055),(-0.286665687561035,
-0.522296867370605,1.43606597900391),(-0.286665687561035,-0.510226097106934,
0.976224365234375),(-0.286665687561035,-0.509307670593262,0.941236419677735),
(-0.282136344909668,-0.583179016113281,1.46888336181641),(-0.282136344909668,
-0.582291870117188,1.43508758544922),(-0.282136344909668,-0.570189781188965,
0.974053802490234),(-0.282136344909668,-0.569302673339844,0.940258026123047),
(-0.282136344909668,-0.523199653625488,1.47045776367188),(-0.282136344909668,
-0.522312545776367,1.43666198730469),(-0.282136344909668,-0.510210456848145,
0.975628280639648),(-0.282136344909668,-0.509323310852051,0.941832504272461),
(-0.277915687561035,-0.583133125305176,1.46713577270508),(-0.277915687561035,
-0.582337760925293,1.43683532714844),(-0.277915687561035,-0.570143928527832,
0.972306137084961),(-0.277915687561035,-0.569348526000977,0.942005691528321),
(-0.277915687561035,-0.523153800964356,1.46871017456055),(-0.277915687561035,
-0.5223583984375,1.43840972900391),(-0.277915687561035,-0.510164566040039,
0.973880615234375),(-0.277915687561035,-0.509369201660156,0.943580169677734),
(-0.274291305541992,-0.583060150146484,1.46435562133789),(-0.274291305541992,
-0.582410736083984,1.43961532592773),(-0.274291305541992,-0.570070953369141,
0.969526062011719),(-0.274291305541992,-0.569421501159668,0.944785842895508),
(-0.274291305541992,-0.523080825805664,1.46593002319336),(-0.274291305541992,
-0.522431373596191,1.44118988037109),(-0.274291305541992,-0.510091590881348,
0.971100463867188),(-0.274291305541992,-0.509442176818848,0.946360321044922),
(-0.271510238647461,-0.582965049743652,1.460732421875),(-0.271510238647461,
-0.582505836486816,1.44323852539062),(-0.271510238647461,-0.569975814819336,
0.965902938842773),(-0.271510238647461,-0.5695166015625,0.948408966064453),
(-0.271510238647461,-0.52298568725586,1.46230697631836),(-0.271510238647461,
-0.522526473999023,1.44481292724609),(-0.271510238647461,-0.509996490478516,
0.967477416992187),(-0.271510238647461,-0.50953727722168,0.949983367919922),
(-0.269762001037597,-0.582854309082031,1.45651336669922),(-0.269762001037597,
-0.582616577148437,1.4474577331543),(-0.269762001037597,-0.569865074157715,
0.961683731079102),(-0.269762001037597,-0.569627380371094,0.952628173828125),
(-0.269762001037597,-0.522874946594238,1.45808776855469),(-0.269762001037597,
-0.522637252807617,1.44903213500977),(-0.269762001037597,-0.509885749816895,
0.96325813293457),(-0.269762001037597,-0.509648017883301,0.954202575683594),
(-0.269165687561035,-0.582735443115234,1.45198547363281),(-0.269165687561035,
-0.569746208190918,0.957155914306641),(-0.269165687561035,-0.522756080627441,
1.45355987548828),(-0.269165687561035,-0.509766883850098,0.958730392456055),
(-0.246665687561035,-0.703546905517578,1.48132537841797),(-0.246665687561035,
-0.688852081298828,0.921518249511719),(-0.246665687561035,-0.583588256835938,
1.4844743347168),(-0.246665687561035,-0.58155460357666,1.40700103759766),
(-0.246665687561035,-0.570927047729492,1.00214042663574),(-0.246665687561035,
-0.568893394470215,0.924667129516602),(-0.246665687561035,-0.52157527923584,
1.40857543945312),(-0.246665687561035,-0.510947723388672,1.00371490478516),
(-0.244077568054199,-0.583579330444336,1.48413360595703),(-0.244077491760254,
-0.703537979125977,1.48098480224609),(-0.244077491760254,-0.663551788330078,
1.4820344543457),(-0.244077491760254,-0.581545639038086,1.40666046142578),
(-0.244077491760254,-0.570936012268066,1.00248107910156),(-0.244077491760254,
-0.568902359008789,0.925007781982422),(-0.244077491760254,-0.521566314697266,
1.40823486328125),(-0.244077491760254,-0.510956649780273,1.00405548095703),
(-0.244068489074707,-0.60952091217041,0.923951110839844),(-0.242591323852539,
-0.688872680664063,0.922302627563477),(-0.241665706634521,-0.568928565979004,
0.926006469726563),(-0.241665687561035,-0.581519432067871,1.40566162109375),
(-0.241665687561035,-0.570962219238281,1.0034797668457),(-0.241665687561035,
-0.521540107727051,1.40723617553711),(-0.241665687561035,-0.510982894897461,
1.00505416870117),(-0.241665019989014,-0.630170021057129,1.4819108581543),
(-0.240722103118896,-0.703498077392578,1.47946212768555),(-0.240345134735107,
-0.583531799316406,1.48232192993164),(-0.239597339630127,-0.639001960754395,
0.925758514404297),(-0.239594612121582,-0.66348388671875,1.47944717407227),
(-0.239594612121582,-0.623497619628906,1.48049682617187),(-0.239594612121582,
-0.581477737426758,1.40407302856445),(-0.239594612121582,-0.571003913879395,
1.005068359375),(-0.239594612121582,-0.521498413085937,1.40564758300781),
(-0.239594612121582,-0.511024589538574,1.00664283752441),(-0.238818950653076,
-0.568989944458008,0.928345184326172),(-0.238529396057129,-0.688958511352539,
0.925573577880859),(-0.238005428314209,-0.663429489135742,1.47737670898437),
(-0.238005428314209,-0.581423416137695,1.40200271606445),(-0.238005428314209,
-0.57105827331543,1.00713874816894),(-0.238005428314209,-0.521444053649902,
1.40357711791992),(-0.238005428314209,-0.511078910827637,1.00871315002441),
(-0.238004474639892,-0.624647636413574,0.928207702636719),(-0.237598667144776,
-0.583439254760742,1.47879791259766),(-0.237450408935547,-0.703391418457031,
1.47540176391602),(-0.23700647354126,-0.628032760620117,1.47589340209961),
(-0.237006435394287,-0.68904655456543,0.928927459716797),(-0.237006435394287,
-0.649060363769531,0.929977111816406),(-0.237006435394287,-0.581360092163086,
1.39959167480469),(-0.237006435394287,-0.571121559143066,1.00954971313477),
(-0.237006435394287,-0.569087905883789,0.932076416015625),(-0.237006435394287,
-0.521380767822266,1.40116622924805),(-0.237006435394287,-0.511142196655274,
1.01112411499023),(-0.236665687561035,-0.703284530639649,1.47132888793945),
(-0.236665687561035,-0.689114456176758,0.93151481628418),(-0.236665687561035,
-0.583325843811036,1.47447784423828),(-0.236665687561035,-0.581292190551758,
1.39700439453125),(-0.236665687561035,-0.571189460754395,1.0121369934082),
(-0.236665687561035,-0.569155807495117,0.934663696289063),(-0.236665687561035,
-0.521312866210938,1.39857879638672),(-0.236665687561035,-0.511210136413574,
1.01371147155762),(-0.211665687561035,-0.568659019470215,1.48736709594726),
(-0.211665687561035,-0.553832969665527,0.922561569213867),(-0.211414375305176,
-0.688686599731445,0.91521369934082),(-0.211322021484375,-0.703715057373047,
1.4877311706543),(-0.21103946685791,-0.55168399810791,0.917781372070312),
(-0.210984210968018,-0.636271629333496,1.49077041625977),(-0.210984210968018,
-0.557554016113281,1.26158073425293),(-0.210984210968018,-0.554588775634766,
1.14861961364746),(-0.210984210968018,-0.551623573303223,1.03565849304199),
(-0.210957336425781,-0.563552360534668,1.48915832519531),(-0.210929107666015,
-0.566889572143555,1.4925634765625),(-0.210662860870361,-0.547615203857422,
0.921207885742188),(-0.209288845062256,-0.550479164123535,0.913540802001953),
(-0.208986186981201,-0.703874969482422,1.49382110595703),(-0.208986186981201,
-0.688524017333984,0.909022521972656),(-0.208986186981201,-0.63639820098877,
1.49559234619141),(-0.208986186981201,-0.621047286987305,0.910793762207031),
(-0.208986186981201,-0.555697250366211,1.37466842651367),(-0.208986186981201,
-0.552732048034668,1.2617073059082),(-0.208986186981201,-0.549766845703125,
1.14874618530273),(-0.208986186981201,-0.546801605224609,1.03578506469727),
(-0.208986186981201,-0.543836402893067,0.922824020385742),(-0.20881721496582,
-0.563427810668945,1.49622482299805),(-0.20881721496582,-0.560087928771973,
1.49305572509766),(-0.208612899780274,-0.558076820373535,1.48891616821289),
(-0.208531093597412,-0.567418022155762,1.49809600830078),(-0.208423957824707,
-0.544780387878418,0.916461486816406),(-0.206975421905518,-0.548837089538574,
0.91070182800293),(-0.20587511062622,-0.539823150634766,0.920287933349609),
(-0.205807819366455,-0.703983612060547,1.49796173095703),(-0.205807819366455,
-0.688415374755859,0.904881820678711),(-0.205807819366455,-0.636506881713867,
1.4997331237793),(-0.205807819366455,-0.620938606262207,0.906653060913086),
(-0.205807819366455,-0.553461837768555,0.908424301147461),(-0.205807819366455,
-0.551556549072266,1.3747770690918),(-0.205807819366455,-0.548591346740723,
1.26181594848633),(-0.205807819366455,-0.545626106262207,1.1488549041748),
(-0.205807819366455,-0.542660903930664,1.03589378356934),(-0.205713367462158,
-0.543945503234863,0.912319488525391),(-0.20561107635498,-0.554523811340332,
1.49037948608398),(-0.205536975860596,-0.560700607299805,1.49937744140625),
(-0.205536975860596,-0.557082633972168,1.49594451904297),(-0.205514030456543,
-0.566012268066406,1.50171051025391),(-0.203652439117431,-0.548749885559082,
0.907380065917969),(-0.203463172912597,-0.539749412536621,0.914657592773438),
(-0.202284736633301,-0.536858100891113,0.921735992431641),(-0.202163715362549,
-0.543852348327637,0.908771057128906),(-0.201665687561035,-0.704067077636719,
1.50113906860352),(-0.201665687561035,-0.688331985473633,0.901704559326172),
(-0.201665687561035,-0.636590270996094,1.50291030883789),(-0.201665687561035,
-0.620855216979981,0.903475799560547),(-0.201665687561035,-0.569113540649414,
1.50468154907227),(-0.201665687561035,-0.55134449005127,1.48782165527344),
(-0.201665687561035,-0.548379287719727,1.37486053466797),(-0.201665687561035,
-0.545414047241211,1.2618994140625),(-0.201665687561035,-0.542448844909668,
1.14893829345703),(-0.201665687561035,-0.539483642578125,1.03597717285156),
(-0.201280994415283,-0.558533248901367,1.50168548583985),(-0.201280994415283,
-0.554891662597656,1.49822998046875),(-0.200880126953125,-0.550186462402344,
0.90505256652832),(-0.200555057525635,-0.56276538848877,1.50428588867188),
(-0.200555057525635,-0.552072792053223,1.49414016723633),(-0.200383110046387,
-0.536543998718262,0.917551727294922),(-0.1999365234375,-0.539656867980957,
0.911132202148437),(-0.198001270294189,-0.544506912231445,0.906042404174805),
(-0.197845706939697,-0.54970817565918,1.48938140869141),(-0.197445297241211,
-0.567771835327149,1.50654556274414),(-0.197127532958985,-0.536458587646484,
0.914297256469726),(-0.196842060089112,-0.688279571533203,0.899707260131836),
(-0.196842060089112,-0.620802764892578,0.901478500366211),(-0.196842060089112,
-0.546381950378418,1.37491287231445),(-0.196842060089112,-0.543416748046875,
1.26195182800293),(-0.196842060089112,-0.540451507568359,1.14899070739746),
(-0.196817626953125,-0.534504470825195,0.921411666870117),(-0.196348628997802,
-0.557078132629395,1.50298614501953),(-0.196348628997802,-0.553669128417969,
1.49975143432617),(-0.196342144012451,-0.551243667602539,0.903228225708008),
(-0.195472145080567,-0.704130783081055,1.50356643676758),(-0.194851531982422,
-0.559909477233887,1.50520141601563),(-0.194781455993653,-0.551280937194824,
1.49693222045898),(-0.194688167572022,-0.539615135192871,0.908660736083984),
(-0.193746643066406,-0.564492988586426,1.50687774658203),(-0.193683433532715,
-0.549416198730469,1.49270355224609),(-0.193570861816406,-0.534441070556641,
0.917920761108398),(-0.193187675476074,-0.536692695617676,0.912315292358398),
(-0.193086986541748,-0.547490653991699,0.903600921630859),(-0.191665687561035,
-0.688261642456055,0.899025955200195),(-0.191665687561035,-0.56918384552002,
1.50736022949219),(-0.191665687561035,-0.554892883300781,1.50187545776367),
(-0.191665687561035,-0.553308143615723,0.902568511962891),(-0.191665687561035,
-0.548665924072266,1.48789184570312),(-0.191665687561035,-0.543381881713867,
0.905509490966797),(-0.191665687561035,-0.533839836120605,0.923086395263672),
(-0.0896656894683838,-0.563991355895996,1.50681472778321),(-0.0896656894683838,
-0.559116973876953,1.50494400024414),(-0.0896656894683838,-0.554892883300781,
1.50187545776367),(-0.0896656894683838,-0.551606903076172,1.49781814575195),
(-0.0896656894683838,-0.543381881713867,0.905509490966797),(-0.0896656894683838,
-0.539324607849121,0.908795471191406),(-0.0896656894683838,-0.536255989074707,
0.913019561767578),(-0.0896656894683838,-0.534385261535645,0.917893905639648),
(-0.011540036201477,-0.537463607788086,1.06113555908203),(-0.0115400350093842,
-0.513359336853028,1.09558662414551),(-0.011493855714798,-0.538352088928223,
1.09498123168945),(-0.0113085317611694,-0.512440757751465,1.06059265136719),
(-0.0098019003868103,-0.538456764221191,1.09896919250488),(-0.00951231420040131,
-0.51347526550293,1.10000251770019),(-0.00951231360435486,-0.537347679138184,
1.0567195892334),(-0.00873675346374512,-0.512336616516113,1.05662559509277),
(-0.00666568756103516,-0.538528060913086,1.10168518066406),(-0.00666568756103516,
-0.512294921875,1.05503692626953),(-0.004768345952034,-0.537260513305664,
1.05339866638184),(-0.00476834535598755,-0.513562431335449,1.10332344055176),
(-0.00425387859344483,-0.512268714904785,1.05403831481934),(-0.00356893360614777,
-0.538559913635254,1.10289886474609),(-0.00166568756103516,-0.512259750366211,
1.05369766235352),(0.0123343133926392,-0.563991355895996,1.50681472778321),
(0.0123343133926392,-0.559116973876953,1.50494400024414),(0.0123343133926392,
-0.554892883300781,1.50187545776367),(0.0123343133926392,-0.551606903076172,
1.49781814575195),(0.0123343133926392,-0.54948299407959,1.4930485534668),
(0.0123343133926392,-0.548151435852051,0.903385543823242),(0.0123343133926392,
-0.543381881713867,0.905509490966797),(0.0123343133926392,-0.539324607849121,
0.908795471191406),(0.0123343133926392,-0.536255989074707,0.913019561767578),
(0.0123343133926392,-0.534385261535645,0.917893905639648),(0.114334316253662,
-0.563991355895996,1.50681472778321),(0.114334316253662,-0.559116973876953,
1.50494400024414),(0.114334316253662,-0.554892883300781,1.50187545776367),
(0.114334316253662,-0.551606903076172,1.49781814575195),(0.114334316253662,
-0.54948299407959,1.4930485534668),(0.114334316253662,-0.548151435852051,
0.903385543823242),(0.114334316253662,-0.543381881713867,0.905509490966797),
(0.114334316253662,-0.539324607849121,0.908795471191406),(0.114334316253662,
-0.536255989074707,0.913019561767578),(0.114334316253662,-0.534385261535645,
0.917893905639648),(0.128334312438965,-0.512259750366211,1.05369766235352),
(0.130237770080566,-0.513568496704102,1.10355484008789),(0.13023777961731,
-0.537254447937012,1.0531672668457),(0.130288171768188,-0.538558692932129,
1.10285270690918),(0.130922508239746,-0.512268714904785,1.05403831481934),
(0.133334312438965,-0.512294921875,1.05503692626953),(0.134277639389038,
-0.538514289855957,1.10116134643555),(0.134655170440674,-0.537307662963867,
1.05519432067871),(0.134655170440674,-0.513515281677246,1.10152778625488),
(0.135405378341675,-0.512336616516113,1.05662559509277),(0.136994571685791,
-0.538432006835938,1.09802612304687),(0.136994571685791,-0.512390975952148,
1.05869598388672),(0.137977151870728,-0.537432136535645,1.0599365234375),
(0.137977151870728,-0.513390808105469,1.09678558349609),(0.138208656311035,
-0.53835075378418,1.09493057250977),(0.138208665847778,-0.512472229003906,
1.06179161071777),(0.21633430480957,-0.559116973876953,1.50494400024414),
(0.21633430480957,-0.554892883300781,1.50187545776367),(0.21633430480957,
-0.551606903076172,1.49781814575195),(0.21633430480957,-0.54948299407959,
1.4930485534668),(0.21633430480957,-0.548151435852051,0.903385543823242),
(0.21633430480957,-0.543381881713867,0.905509490966797),(0.21633430480957,
-0.539324607849121,0.908795471191406),(0.21633430480957,-0.536255989074707,
0.913019561767578),(0.318334312438965,-0.704137344360352,1.50381759643554),
(0.318334312438965,-0.56918384552002,1.50736022949219),(0.318334312438965,
-0.559116973876953,1.50494400024414),(0.318334312438965,-0.553308143615723,
0.902568511962891),(0.318334312438965,-0.548665924072266,1.48789184570312),
(0.318334312438965,-0.543381881713867,0.905509490966797),(0.318334312438965,
-0.533839836120605,0.923086395263672),(0.319605026245117,-0.536612815856934,
0.912390975952148),(0.319755897521973,-0.563319816589356,1.50663421630859),
(0.319850654602051,-0.547156677246094,0.903733062744141),(0.319856262207032,
-0.552079925537109,1.49849853515625),(0.319991073608399,-0.53441276550293,
0.917917633056641),(0.320239524841309,-0.549537353515625,1.49301895141602),
(0.32097484588623,-0.539519577026367,0.908722991943359),(0.321356544494629,
-0.555190048217773,1.50199478149414),(0.322140731811524,-0.688268280029297,
0.89927719116211),(0.32301082611084,-0.567087821960449,1.50680953979492),
(0.323169250488282,-0.551302299499512,0.903247604370117),(0.323482437133789,
-0.534526214599609,0.921162490844727),(0.323486213684082,-0.549417495727539,
1.48952972412109),(0.323510665893554,-0.704119491577149,1.5031362915039),
(0.323510665893554,-0.636642723083496,1.50490768432617),(0.323510665893554,
-0.543416748046875,1.26195182800293),(0.323510665893554,-0.540451507568359,
1.14899070739746),(0.323510665893554,-0.537486305236816,1.03602966308594),
(0.323796157836914,-0.551742172241211,1.4965315246582),(0.323796157836914,
-0.536458587646484,0.914297256469727),(0.324669876098633,-0.560212478637695,
1.50435287475586),(0.324669876098633,-0.544506912231445,0.906042404174805),
(0.32660514831543,-0.555102081298828,1.49952453613281),(0.32660514831543,
-0.539656867980957,0.911132202148437),(0.327051734924316,-0.551656723022461,
1.49327697753906),(0.327051734924316,-0.536543998718262,0.917551727294922),
(0.327440032958984,-0.55025577545166,0.905026245117187),(0.327548713684082,
-0.565936241149902,1.50504333496094),(0.328334312438965,-0.704067077636719,
1.50113906860352),(0.328334312438965,-0.688331985473633,0.901704559326172),
(0.328334312438965,-0.636590270996094,1.50291030883789),(0.328334312438965,
-0.620855216979981,0.903475799560547),(0.328334312438965,-0.548379287719727,
1.37486053466797),(0.328334312438965,-0.545414047241211,1.2618994140625),
(0.328334312438965,-0.542448844909668,1.14893829345703),(0.328334312438965,
-0.539483642578125,1.03597717285156),(0.328832321166992,-0.559415664672852,
1.50166229248047),(0.328832321166992,-0.543852348327637,0.908771057128906),
(0.328953323364258,-0.551750869750977,1.48908203125),(0.329026908874512,
-0.536933326721191,0.921482696533203),(0.330131797790527,-0.555009536743164,
1.49599899291992),(0.330131797790527,-0.539749412536621,0.914657592773438),
(0.330321044921875,-0.564379425048828,1.50279434204102),(0.330321044921875,
-0.548749885559082,0.907380065917969),(0.332381973266602,-0.559322509765625,
1.49811370849609),(0.332381973266602,-0.543945503234863,0.912319488525391),
(0.332476425170899,-0.703983612060547,1.49796173095703),(0.332476425170899,
-0.688415374755859,0.904881820678711),(0.332476425170899,-0.636506881713867,
1.4997331237793),(0.332476425170899,-0.620938606262207,0.906653060913086),
(0.332476425170899,-0.569030151367188,1.50150436401367),(0.332476425170899,
-0.553461837768555,0.908424301147461),(0.332476425170899,-0.551556549072266,
1.3747770690918),(0.332476425170899,-0.548591346740723,1.26181594848633),
(0.332476425170899,-0.545626106262207,1.1488549041748),(0.332476425170899,
-0.542660903930664,1.03589378356934),(0.332543754577637,-0.554787788391113,
1.49037246704102),(0.332603492736816,-0.53991024017334,0.91990348815918),
(0.333644027709961,-0.564292259216309,1.49947265625),(0.333644027709961,
-0.548837089538574,0.91070182800293),(0.335092582702637,-0.55993896484375,
1.49393371582031),(0.335092582702637,-0.544780387878418,0.916461486816406),
(0.335654830932617,-0.703874969482422,1.49382110595703),(0.335654830932617,
-0.688524017333984,0.909022521972656),(0.335654830932617,-0.63639820098877,
1.49559234619141),(0.335654830932617,-0.621047286987305,0.910793762207031),
(0.335654830932617,-0.558662490844727,1.48762939453125),(0.335654830932617,
-0.555697250366211,1.37466842651367),(0.335654830932617,-0.552732048034668,
1.2617073059082),(0.335654830932617,-0.549766845703125,1.14874618530273),
(0.335654830932617,-0.546801605224609,1.03578506469727),(0.335932960510254,
-0.550406379699707,0.91343391418457),(0.335957412719727,-0.565783271789551,
1.49655151367187),(0.336327362060547,-0.545134391784668,0.92102912902832),
(0.337331428527832,-0.562520790100098,1.48904510498047),(0.337652816772461,
-0.621173896789551,0.915615768432617),(0.337652816772461,-0.560519218444824,
1.37454177856445),(0.337652816772461,-0.557554016113281,1.26158073425293),
(0.337652816772461,-0.554588775634766,1.14861961364746),(0.337652816772461,
-0.54865837097168,0.922697448730469),(0.33770809173584,-0.566763725280762,
1.49225341796875),(0.337728958129883,-0.551629867553711,0.917941360473633),
(0.337990646362305,-0.68868392944336,0.915112533569336),(0.338083000183105,
-0.703712463378906,1.48762985229492),(0.338334312438965,-0.568659019470215,
1.48736709594726),(0.338334312438965,-0.553832969665527,0.922561569213867),
(0.363334312438965,-0.703284530639649,1.47132888793945),(0.363334312438965,
-0.689114456176758,0.93151481628418),(0.363334312438965,-0.583325843811036,
1.47447784423828),(0.363334312438965,-0.581292190551758,1.39700439453125),
(0.363334312438965,-0.571189460754395,1.0121369934082),(0.363334312438965,
-0.569155807495117,0.934663696289063),(0.363334312438965,-0.521312866210938,
1.39857879638672),(0.363334312438965,-0.511210136413574,1.01371147155762),
(0.363673591613769,-0.6091943359375,0.93101432800293),(0.363675079345703,
-0.703352432250977,1.47391616821289),(0.363675079345703,-0.663366241455078,
1.4749658203125),(0.363675079345703,-0.623379974365234,1.47601531982422),
(0.363675079345703,-0.583393783569336,1.47706512451172),(0.363675079345703,
-0.581360092163086,1.39959167480469),(0.363675079345703,-0.571121559143066,
1.00954971313477),(0.363675079345703,-0.569087905883789,0.932076416015625),
(0.363675079345703,-0.521380767822266,1.40116622924805),(0.363675079345703,
-0.511142196655274,1.01112411499023),(0.364119110107422,-0.689007568359375,
0.927441635131836),(0.36467269897461,-0.643647003173828,1.47789764404297),
(0.364674072265625,-0.581423416137695,1.40200271606445),(0.364674072265625,
-0.57105827331543,1.00713874816894),(0.364674072265625,-0.56902458190918,
0.929665451049805),(0.364674072265625,-0.521444053649902,1.40357711791992),
(0.364674072265625,-0.511078910827637,1.00871315002441),(0.365198249816894,
-0.703440475463867,1.47727035522461),(0.36548770904541,-0.583491744995117,
1.48079635620117),(0.366263236999511,-0.521498413085937,1.40564758300781),
(0.366263236999511,-0.511024589538574,1.00664283752441),(0.366263236999512,
-0.66348388671875,1.47944717407227),(0.366263236999512,-0.623497619628906,
1.48049682617187),(0.366263236999512,-0.581477737426758,1.40407302856445),
(0.366263236999512,-0.571003913879395,1.005068359375),(0.366265983581543,
-0.634255523681641,0.925888061523438),(0.367013626098633,-0.568949928283691,
0.926819686889649),(0.367390937805176,-0.688900985717774,0.92338134765625),
(0.368331527709961,-0.61931282043457,0.924680633544922),(0.368334312438965,
-0.663525543212891,1.48103576660156),(0.368334312438965,-0.581519432067871,
1.40566162109375),(0.368334312438965,-0.570962219238281,1.0034797668457),
(0.368334312438965,-0.521540107727051,1.40723617553711),(0.368334312438965,
-0.510982894897461,1.00505416870117),(0.369012718200684,-0.583563804626465,
1.48354156494141),(0.369259986877441,-0.703526382446289,1.48054092407227),
(0.370746116638184,-0.68886100769043,0.921858825683594),(0.370746116638184,
-0.648874816894531,0.922908477783203),(0.370746116638184,-0.581545639038086,
1.40666046142578),(0.370746116638184,-0.570936012268066,1.00248107910156),
(0.370746116638184,-0.568902359008789,0.925007781982422),(0.370746116638184,
-0.521566314697266,1.40823486328125),(0.370746116638184,-0.510956649780273,
1.00405548095703),(0.370746192932129,-0.632391395568848,1.48285232543945),
(0.373334312438965,-0.703546905517578,1.48132537841797),(0.373334312438965,
-0.688852081298828,0.921518249511719),(0.373334312438965,-0.583588256835938,
1.4844743347168),(0.373334312438965,-0.58155460357666,1.40700103759766),
(0.373334312438965,-0.570927047729492,1.00214042663574),(0.373334312438965,
-0.568893394470215,0.924667129516602),(0.373334312438965,-0.52157527923584,
1.40857543945312),(0.373334312438965,-0.510947723388672,1.00371490478516),
(0.395834312438965,-0.582735443115234,1.45198547363281),(0.395834312438965,
-0.569746208190918,0.957155914306641),(0.395834312438965,-0.522756080627441,
1.45355987548828),(0.395834312438965,-0.509766883850098,0.958730392456055),
(0.396430625915527,-0.582854309082031,1.45651336669922),(0.396430625915527,
-0.582616577148437,1.4474577331543),(0.396430625915527,-0.569865074157715,
0.961683731079102),(0.396430625915527,-0.569627380371094,0.952628173828125),
(0.396430625915527,-0.522874946594238,1.45808776855469),(0.396430625915527,
-0.522637252807617,1.44903213500977),(0.396430625915527,-0.509885749816895,
0.96325813293457),(0.396430625915527,-0.509648017883301,0.954202575683594),
(0.398178863525391,-0.582965049743652,1.460732421875),(0.398178863525391,
-0.582505836486816,1.44323852539062),(0.398178863525391,-0.569975814819336,
0.965902938842773),(0.398178863525391,-0.5695166015625,0.948408966064453),
(0.398178863525391,-0.52298568725586,1.46230697631836),(0.398178863525391,
-0.522526473999023,1.44481292724609),(0.398178863525391,-0.509996490478516,
0.967477416992187),(0.398178863525391,-0.50953727722168,0.949983367919922),
(0.400959930419922,-0.583060150146484,1.46435562133789),(0.400959930419922,
-0.582410736083984,1.43961532592773),(0.400959930419922,-0.570070953369141,
0.969526062011719),(0.400959930419922,-0.569421501159668,0.944785842895508),
(0.400959930419922,-0.523080825805664,1.46593002319336),(0.400959930419922,
-0.522431373596191,1.44118988037109),(0.400959930419922,-0.510091590881348,
0.971100463867188),(0.400959930419922,-0.509442176818848,0.946360321044922),
(0.404584312438965,-0.583133125305176,1.46713577270508),(0.404584312438965,
-0.582337760925293,1.43683532714844),(0.404584312438965,-0.570143928527832,
0.972306137084961),(0.404584312438965,-0.569348526000977,0.942005691528321),
(0.404584312438965,-0.523153800964356,1.46871017456055),(0.404584312438965,
-0.5223583984375,1.43840972900391),(0.404584312438965,-0.510164566040039,
0.973880615234375),(0.404584312438965,-0.509369201660156,0.943580169677734),
(0.408804969787598,-0.583179016113281,1.46888336181641),(0.408804969787598,
-0.582291870117188,1.43508758544922),(0.408804969787598,-0.570189781188965,
0.974053802490234),(0.408804969787598,-0.569302673339844,0.940258026123047),
(0.408804969787598,-0.523199653625488,1.47045776367188),(0.408804969787598,
-0.522312545776367,1.43666198730469),(0.408804969787598,-0.510210456848145,
0.975628280639648),(0.408804969787598,-0.509323310852051,0.941832504272461),
(0.413334312438965,-0.58319465637207,1.46947952270508),(0.413334312438965,
-0.582276229858398,1.43449157714844),(0.413334312438965,-0.570205459594727,
0.974649887084961),(0.413334312438965,-0.569286994934082,0.93966194152832),
(0.413334312438965,-0.52321533203125,1.47105392456055),(0.413334312438965,
-0.522296867370605,1.43606597900391),(0.413334312438965,-0.510226097106934,
0.976224365234375),(0.413334312438965,-0.509307670593262,0.941236419677735),
(0.417863655090332,-0.583179016113281,1.46888336181641),(0.417863655090332,
-0.582291870117188,1.43508758544922),(0.417863655090332,-0.570189781188965,
0.974053802490235),(0.417863655090332,-0.569302673339844,0.940258026123047),
(0.417863655090332,-0.523199653625488,1.47045776367187),(0.417863655090332,
-0.522312545776367,1.43666198730469),(0.417863655090332,-0.510210456848145,
0.975628280639649),(0.417863655090332,-0.509323310852051,0.941832504272461),
(0.422084312438965,-0.583133125305176,1.46713577270508),(0.422084312438965,
-0.582337760925293,1.43683532714844),(0.422084312438965,-0.570143928527832,
0.972306137084961),(0.422084312438965,-0.569348526000977,0.94200569152832),
(0.422084312438965,-0.523153800964356,1.46871017456055),(0.422084312438965,
-0.5223583984375,1.43840972900391),(0.422084312438965,-0.510164566040039,
0.973880615234375),(0.422084312438965,-0.509369201660156,0.943580169677734),
(0.425708694458008,-0.583060150146484,1.46435562133789),(0.425708694458008,
-0.582410736083984,1.43961532592773),(0.425708694458008,-0.570070953369141,
0.969526062011719),(0.425708694458008,-0.569421501159668,0.944785842895508),
(0.425708694458008,-0.523080825805664,1.46593002319336),(0.425708694458008,
-0.522431373596191,1.44118988037109),(0.425708694458008,-0.510091590881348,
0.971100463867188),(0.425708694458008,-0.509442176818848,0.946360321044922),
(0.428489761352539,-0.582965049743652,1.460732421875),(0.428489761352539,
-0.582505836486816,1.44323852539062),(0.428489761352539,-0.569975814819336,
0.965902938842773),(0.428489761352539,-0.5695166015625,0.948408966064453),
(0.428489761352539,-0.52298568725586,1.46230697631836),(0.428489761352539,
-0.522526473999023,1.44481292724609),(0.428489761352539,-0.509996490478516,
0.967477416992187),(0.428489761352539,-0.50953727722168,0.949983367919922),
(0.430237998962403,-0.582854309082031,1.45651336669922),(0.430237998962403,
-0.582616577148437,1.4474577331543),(0.430237998962403,-0.569865074157715,
0.961683731079102),(0.430237998962403,-0.569627380371094,0.952628173828125),
(0.430237998962403,-0.522874946594238,1.45808776855469),(0.430237998962403,
-0.522637252807617,1.44903213500977),(0.430237998962403,-0.509885749816895,
0.96325813293457),(0.430237998962403,-0.509648017883301,0.954202575683594),
(0.430834312438965,-0.582735443115234,1.45198547363281),(0.430834312438965,
-0.569746208190918,0.95715591430664),(0.430834312438965,-0.522756080627441,
1.45355987548828),(0.430834312438965,-0.509766883850098,0.958730392456055),
(0.438334312438965,-0.644814071655274,1.53038360595703),(0.438334312438965,
-0.643567581176758,1.48289978027344),(0.438334312438965,-0.628872756958008,
0.923092651367187),(0.438334312438965,-0.627626304626465,0.87560905456543),
(0.439186172485351,-0.651282272338867,1.53021362304688),(0.439186172485351,
-0.650035858154297,1.48273010253906),(0.439186172485351,-0.638345794677734,
1.5305532836914),(0.439186172485351,-0.637099342346191,1.4830696105957),
(0.439186172485351,-0.635340995788574,0.922922897338867),(0.439186172485351,
-0.634094543457031,0.875439224243164),(0.439186172485351,-0.622404479980469,
0.923262481689453),(0.439186172485351,-0.621158065795899,0.87577880859375),
(0.441683692932129,-0.657309722900391,1.53005554199219),(0.441683692932129,
-0.65606330871582,1.48257186889648),(0.441683692932129,-0.641368408203125,
0.922764663696289),(0.441683692932129,-0.640121994018555,0.875280990600586),
(0.441683692932129,-0.632318344116211,1.53071151733399),(0.441683692932129,
-0.631071929931641,1.48322784423828),(0.441683692932129,-0.616377029418945,
0.923420715332031),(0.441683692932129,-0.615130615234375,0.875937042236328),
(0.445656623840332,-0.662485656738281,1.52991973876953),(0.445656623840332,
-0.661239166259766,1.48243591308594),(0.445656623840332,-0.646544342041016,
0.922628784179688),(0.445656623840332,-0.6452978515625,0.87514518737793),
(0.445656623840332,-0.627142486572266,1.53084747314453),(0.445656623840332,
-0.625896034240723,1.48336364746094),(0.445656623840332,-0.611201171875,
0.923556518554687),(0.445656623840332,-0.609954719543457,0.87607292175293),
(0.450834312438965,-0.666457214355469,1.52981536865235),(0.450834312438965,
-0.665210800170898,1.48233169555664),(0.450834312438965,-0.650515899658203,
0.922524566650391),(0.450834312438965,-0.649269485473633,0.875040893554688),
(0.450834312438965,-0.623170852661133,1.53095153808594),(0.450834312438965,
-0.621924438476563,1.48346801757812),(0.450834312438965,-0.607229537963867,
0.92366081237793),(0.450834312438965,-0.605983123779297,0.876177139282227),
(0.456863822937012,-0.668953857421875,1.52974975585938),(0.456863822937012,
-0.667707443237305,1.48226623535156),(0.456863822937012,-0.653012542724609,
0.922459030151367),(0.456863822937012,-0.651766128540039,0.874975357055664),
(0.456863822937012,-0.620674209594727,1.5310171508789),(0.456863822937012,
-0.619427757263184,1.4835334777832),(0.456863822937012,-0.604732894897461,
0.923726348876953),(0.456863822937012,-0.603486480712891,0.87624267578125),
(0.463334312438965,-0.669805450439453,1.52972747802735),(0.463334312438965,
-0.668558959960938,1.48224380493164),(0.463334312438965,-0.653864135742188,
0.922436676025391),(0.463334312438965,-0.652617721557617,0.874953002929687),
(0.463334312438965,-0.619822654724121,1.53103942871094),(0.463334312438965,
-0.618576202392578,1.48355590820312),(0.463334312438965,-0.603881340026856,
0.92374870300293),(0.463334312438965,-0.602634887695313,0.876265029907227),
(0.469804801940918,-0.668953857421875,1.52974975585938),(0.469804801940918,
-0.667707443237305,1.48226623535156),(0.469804801940918,-0.653012542724609,
0.922459030151367),(0.469804801940918,-0.651766128540039,0.874975357055664),
(0.469804801940918,-0.620674209594727,1.5310171508789),(0.469804801940918,
-0.619427757263184,1.4835334777832),(0.469804801940918,-0.604732894897461,
0.923726348876953),(0.469804801940918,-0.603486480712891,0.87624267578125),
(0.475834312438965,-0.666457214355469,1.52981536865235),(0.475834312438965,
-0.665210800170898,1.48233169555664),(0.475834312438965,-0.650515899658203,
0.922524566650391),(0.475834312438965,-0.649269485473633,0.875040893554688),
(0.475834312438965,-0.623170852661133,1.53095153808594),(0.475834312438965,
-0.621924438476563,1.48346801757812),(0.475834312438965,-0.607229537963867,
0.92366081237793),(0.475834312438965,-0.605983123779297,0.876177139282227),
(0.481012001037598,-0.662485656738281,1.52991973876953),(0.481012001037598,
-0.661239166259766,1.48243591308594),(0.481012001037598,-0.646544342041016,
0.922628784179688),(0.481012001037598,-0.6452978515625,0.87514518737793),
(0.481012001037598,-0.627142486572266,1.53084747314453),(0.481012001037598,
-0.625896034240723,1.48336364746094),(0.481012001037598,-0.611201171875,
0.923556518554687),(0.481012001037598,-0.609954719543457,0.87607292175293),
(0.484984931945801,-0.657309722900391,1.53005554199219),(0.484984931945801,
-0.65606330871582,1.48257186889648),(0.484984931945801,-0.641368408203125,
0.922764663696289),(0.484984931945801,-0.640121994018555,0.875280990600586),
(0.484984931945801,-0.632318344116211,1.53071151733399),(0.484984931945801,
-0.631071929931641,1.48322784423828),(0.484984931945801,-0.616377029418945,
0.923420715332031),(0.484984931945801,-0.615130615234375,0.875937042236328),
(0.487482452392578,-0.651282272338867,1.53021362304688),(0.487482452392578,
-0.650035858154297,1.48273010253906),(0.487482452392578,-0.638345794677734,
1.5305532836914),(0.487482452392578,-0.637099342346191,1.4830696105957),
(0.487482452392578,-0.635340995788574,0.922922897338867),(0.487482452392578,
-0.634094543457031,0.875439224243164),(0.487482452392578,-0.622404479980469,
0.923262481689453),(0.487482452392578,-0.621158065795899,0.87577880859375),
(0.488334312438965,-0.644814071655274,1.53038360595703),(0.488334312438965,
-0.643567581176758,1.48289978027344),(0.488334312438965,-0.628872756958008,
0.923092651367188),(0.488334312438965,-0.627626304626465,0.87560905456543),
(0.495834312438965,-0.582735443115234,1.45198547363281),(0.495834312438965,
-0.569746208190918,0.95715591430664),(0.495834312438965,-0.522756080627441,
1.45355987548828),(0.495834312438965,-0.509766883850098,0.958730392456055),
(0.496430625915527,-0.582854309082031,1.45651336669922),(0.496430625915527,
-0.582616577148437,1.4474577331543),(0.496430625915527,-0.569865074157715,
0.961683731079102),(0.496430625915527,-0.569627380371094,0.952628173828125),
(0.496430625915527,-0.522874946594238,1.45808776855469),(0.496430625915527,
-0.522637252807617,1.44903213500977),(0.496430625915527,-0.509885749816895,
0.96325813293457),(0.496430625915527,-0.509648017883301,0.954202575683594),
(0.498178863525391,-0.582965049743652,1.460732421875),(0.498178863525391,
-0.582505836486816,1.44323852539062),(0.498178863525391,-0.569975814819336,
0.965902938842773),(0.498178863525391,-0.5695166015625,0.948408966064453),
(0.498178863525391,-0.52298568725586,1.46230697631836),(0.498178863525391,
-0.522526473999023,1.44481292724609),(0.498178863525391,-0.509996490478516,
0.967477416992187),(0.498178863525391,-0.50953727722168,0.949983367919922),
(0.500959930419922,-0.583060150146484,1.46435562133789),(0.500959930419922,
-0.582410736083984,1.43961532592773),(0.500959930419922,-0.570070953369141,
0.969526062011719),(0.500959930419922,-0.569421501159668,0.944785842895508),
(0.500959930419922,-0.523080825805664,1.46593002319336),(0.500959930419922,
-0.522431373596191,1.44118988037109),(0.500959930419922,-0.510091590881348,
0.971100463867188),(0.500959930419922,-0.509442176818848,0.946360321044922),
(0.504584312438965,-0.583133125305176,1.46713577270508),(0.504584312438965,
-0.582337760925293,1.43683532714844),(0.504584312438965,-0.570143928527832,
0.972306137084961),(0.504584312438965,-0.569348526000977,0.94200569152832),
(0.504584312438965,-0.523153800964356,1.46871017456055),(0.504584312438965,
-0.5223583984375,1.43840972900391),(0.504584312438965,-0.510164566040039,
0.973880615234375),(0.504584312438965,-0.509369201660156,0.943580169677734),
(0.508804969787598,-0.583179016113281,1.46888336181641),(0.508804969787598,
-0.582291870117188,1.43508758544922),(0.508804969787598,-0.570189781188965,
0.974053802490235),(0.508804969787598,-0.569302673339844,0.940258026123047),
(0.508804969787598,-0.523199653625488,1.47045776367187),(0.508804969787598,
-0.522312545776367,1.43666198730469),(0.508804969787598,-0.510210456848145,
0.975628280639649),(0.508804969787598,-0.509323310852051,0.941832504272461),
(0.513334312438965,-0.58319465637207,1.46947952270508),(0.513334312438965,
-0.582276229858398,1.43449157714844),(0.513334312438965,-0.570205459594727,
0.974649887084961),(0.513334312438965,-0.569286994934082,0.93966194152832),
(0.513334312438965,-0.52321533203125,1.47105392456055),(0.513334312438965,
-0.522296867370605,1.43606597900391),(0.513334312438965,-0.510226097106934,
0.976224365234375),(0.513334312438965,-0.509307670593262,0.941236419677735),
(0.517863655090332,-0.583179016113281,1.46888336181641),(0.517863655090332,
-0.582291870117188,1.43508758544922),(0.517863655090332,-0.570189781188965,
0.974053802490234),(0.517863655090332,-0.569302673339844,0.940258026123047),
(0.517863655090332,-0.523199653625488,1.47045776367187),(0.517863655090332,
-0.522312545776367,1.43666198730469),(0.517863655090332,-0.510210456848145,
0.975628280639648),(0.517863655090332,-0.509323310852051,0.941832504272461),
(0.522084312438965,-0.583133125305176,1.46713577270508),(0.522084312438965,
-0.582337760925293,1.43683532714844),(0.522084312438965,-0.570143928527832,
0.972306137084961),(0.522084312438965,-0.569348526000977,0.94200569152832),
(0.522084312438965,-0.523153800964356,1.46871017456055),(0.522084312438965,
-0.5223583984375,1.43840972900391),(0.522084312438965,-0.510164566040039,
0.973880615234375),(0.522084312438965,-0.509369201660156,0.943580169677734),
(0.523334312438965,-0.704793395996094,1.52880905151367),(0.523334312438965,
-0.703546905517578,1.48132537841797),(0.523334312438965,-0.688852081298828,
0.921518249511719),(0.523334312438965,-0.687605590820313,0.874034576416016),
(0.525708694458008,-0.583060150146484,1.46435562133789),(0.525708694458008,
-0.582410736083984,1.43961532592773),(0.525708694458008,-0.570070953369141,
0.969526062011719),(0.525708694458008,-0.569421501159668,0.944785842895508),
(0.525708694458008,-0.523080825805664,1.46593002319336),(0.525708694458008,
-0.522431373596191,1.44118988037109),(0.525708694458008,-0.510091590881348,
0.971100463867188),(0.525708694458008,-0.509442176818848,0.946360321044922),
(0.528489761352539,-0.582965049743652,1.460732421875),(0.528489761352539,
-0.582505836486816,1.44323852539062),(0.528489761352539,-0.569975814819336,
0.965902938842773),(0.528489761352539,-0.5695166015625,0.948408966064453),
(0.528489761352539,-0.522985687255859,1.46230697631836),(0.528489761352539,
-0.522526473999023,1.44481292724609),(0.528489761352539,-0.509996490478516,
0.967477416992187),(0.528489761352539,-0.50953727722168,0.949983367919922),
(0.530237998962402,-0.582854309082031,1.45651336669922),(0.530237998962402,
-0.582616577148438,1.4474577331543),(0.530237998962402,-0.569865074157715,
0.961683731079102),(0.530237998962402,-0.569627380371094,0.952628173828125),
(0.530237998962402,-0.522874946594238,1.45808776855469),(0.530237998962402,
-0.522637252807617,1.44903213500977),(0.530237998962402,-0.509885749816895,
0.96325813293457),(0.530237998962402,-0.509648017883301,0.954202575683594),
(0.530834312438965,-0.582735443115234,1.45198547363281),(0.530834312438965,
-0.569746208190918,0.95715591430664),(0.530834312438965,-0.522756080627441,
1.45355987548828),(0.530834312438965,-0.509766883850098,0.958730392456055),
(0.532235145568848,-0.703790893554688,1.52883544921875),(0.532235145568848,
-0.702544403076172,1.48135162353516),(0.532235145568848,-0.687849578857422,
0.921544570922852),(0.532235145568848,-0.686603088378906,0.874060897827149),
(0.540689659118652,-0.700833511352539,1.52891296386719),(0.540689659118652,
-0.699587097167969,1.48142929077148),(0.540689659118652,-0.684892196655274,
0.921622161865234),(0.540689659118652,-0.683645782470704,0.874138565063477),
(0.543334312438965,-0.524855346679688,1.53353240966797),(0.543334312438965,
-0.507667617797851,0.878757934570313),(0.545062370300293,-0.510974388122559,
1.00371437072754),(0.545269317626953,-0.521596908569336,1.40857482910156),
(0.548273887634277,-0.696069641113281,1.5290380859375),(0.548273887634277,
-0.694823226928711,1.4815544128418),(0.548273887634277,-0.680128326416016,
0.921747207641602),(0.548273887634277,-0.678881912231446,0.874263610839844),
(0.548464889526367,-0.525542221069336,1.53351425170899),(0.548609924316406,
-0.508402557373047,0.87873893737793),(0.55197322845459,-0.523470191955566,
1.4084928894043),(0.551973304748535,-0.512844390869141,1.00369781494141),
(0.553296813964844,-0.527541351318359,1.53346176147461),(0.553324966430664,
-0.510369491577149,0.878687133789063),(0.553334312438965,-0.58155460357666,
1.40700103759766),(0.553334312438965,-0.570927047729492,1.00214042663574),
(0.554607582092285,-0.689738159179688,1.52920425415039),(0.554607582092285,
-0.688491744995117,1.48172058105469),(0.554607582092285,-0.673796844482422,
0.921913452148438),(0.554607582092285,-0.672550430297852,0.874429779052734),
(0.555922508239746,-0.570918121337891,1.00179985046387),(0.556661643981934,
-0.515956230163574,1.0030818939209),(0.556662139892578,-0.526610488891602,
1.40894485473633),(0.557287445068359,-0.581573905944824,1.40773651123047),
(0.557455978393555,-0.513540687561035,0.878603973388672),(0.557476463317871,
-0.530711212158203,1.53337860107422),(0.557476463317871,-0.529071159362793,
1.47090026855469),(0.559373054504395,-0.682156524658203,1.52940338134766),
(0.559373054504395,-0.680910110473633,1.48191955566406),(0.559373054504395,
-0.666215209960938,0.922112426757812),(0.559373054504395,-0.664968795776367,
0.874628829956055),(0.559481887817383,-0.570873947143555,1.00011680603027),
(0.560405387878418,-0.581631469726563,1.40992889404297),(0.560509338378906,
-0.520471801757813,1.00052757263184),(0.560509414672851,-0.531253547668457,
1.41125869750977),(0.560665512084961,-0.53490291595459,1.53326843261719),
(0.560675888061524,-0.517735710144043,0.87849380493164),(0.562331428527832,
-0.67370491027832,1.52962509155273),(0.562331428527832,-0.67245849609375,
1.48214141845703),(0.562331428527832,-0.657763595581055,0.922334289550781),
(0.562331428527832,-0.656517181396484,0.874850616455078),(0.562652816772461,
-0.539673881530762,1.53314346313477),(0.562652816772461,-0.538033828735352,
1.47066497802734),(0.562652816772461,-0.524126167297363,0.940847396850586),
(0.562652816772461,-0.522486114501953,0.878368988037109),(0.562976150512696,
-0.581732521057129,1.41377990722656),(0.562976150512696,-0.570749130249023,
0.995361480712891),(0.563044967651367,-0.538186721801758,1.41551666259766),
(0.563052635192871,-0.527164459228516,0.995891036987305),(0.563334312438965,
-0.664807128906251,1.52985870361328),(0.563334312438965,-0.66356071472168,
1.48237503051758),(0.563334312438965,-0.648865814208984,0.922567901611328),
(0.563334312438965,-0.647619400024414,0.875084228515625),(0.563334312438965,
-0.583588256835938,1.4844743347168),(0.563334312438965,-0.568893394470215,
0.924667129516602),(0.563334312438965,-0.544848480224609,1.53300750732422),
(0.563334312438965,-0.527660713195801,0.878233108520508)));
#29=TESSELLATED_SHELL('Part 153',(#27),$);
#30=SHAPE_DEFINITION_REPRESENTATION(#42,#31);
#31=SHAPE_REPRESENTATION('Part 153',(#32),#37);
#32=AXIS2_PLACEMENT_3D('',#35,#33,#34);
#33=DIRECTION('',(0.,0.,1.));
#34=DIRECTION('',(1.,0.,0.));
#35=CARTESIAN_POINT('',(0.,0.,0.));
#36=MECHANICAL_DESIGN_GEOMETRIC_PRESENTATION_REPRESENTATION('',(#12,#13),
#37);
#37=(
GEOMETRIC_REPRESENTATION_CONTEXT(3)
GLOBAL_UNCERTAINTY_ASSIGNED_CONTEXT((#38))
GLOBAL_UNIT_ASSIGNED_CONTEXT((#41,#40,#39))
REPRESENTATION_CONTEXT('Part 153','TOP_LEVEL_ASSEMBLY_PART')
);
#38=UNCERTAINTY_MEASURE_WITH_UNIT(LENGTH_MEASURE(1.E-8),#41,
'DISTANCE_ACCURACY_VALUE','Maximum Tolerance applied to model');
#39=(
NAMED_UNIT(*)
SI_UNIT($,.STERADIAN.)
SOLID_ANGLE_UNIT()
);
#40=(
NAMED_UNIT(*)
PLANE_ANGLE_UNIT()
SI_UNIT($,.RADIAN.)
);
#41=(
LENGTH_UNIT()
NAMED_UNIT(*)
SI_UNIT($,.METRE.)
);
#42=PRODUCT_DEFINITION_SHAPE('','',#43);
#43=PRODUCT_DEFINITION('','',#45,#44);
#44=PRODUCT_DEFINITION_CONTEXT('',#51,'design');
#45=PRODUCT_DEFINITION_FORMATION_WITH_SPECIFIED_SOURCE('','',#47,
 .NOT_KNOWN.);
#46=PRODUCT_RELATED_PRODUCT_CATEGORY('','',(#47));
#47=PRODUCT('Part 153','Part 153','Part 153',(#49));
#48=PRODUCT_CATEGORY('','');
#49=PRODUCT_CONTEXT('',#51,'mechanical');
#50=APPLICATION_PROTOCOL_DEFINITION('international standard',
'ap242_managed_model_based_3d_engineering',2011,#51);
#51=APPLICATION_CONTEXT('managed model based 3d engineering');
ENDSEC;
END-ISO-10303-21;
